
/home/wizard/Documents/PiPicoTesting/blink/build/blink.elf:     file format elf32-littlearm

Sections:
Idx Name          Size      VMA       LMA       File off  Algn
  0 .boot2        00000100  10000000  10000000  00001000  2**0
                  CONTENTS, ALLOC, LOAD, READONLY, CODE
  1 .text         00001674  10000100  10000100  00001100  2**3
                  CONTENTS, ALLOC, LOAD, READONLY, CODE
  2 .rodata       000000d4  10001774  10001774  00002774  2**2
                  CONTENTS, ALLOC, LOAD, READONLY, DATA
  3 .binary_info  0000001c  10001848  10001848  00002848  2**2
                  CONTENTS, ALLOC, LOAD, READONLY, DATA
  4 .xip_ram      00000000  15000000  15000000  000031e8  2**0
                  CONTENTS
  5 .ram_vector_table 000000c0  20000000  20000000  00004000  2**2
                  ALLOC
  6 .uninitialized_data 00000000  200000c0  200000c0  000031e8  2**0
                  CONTENTS
  7 .data         00000128  200000c0  10001864  000030c0  2**4
                  CONTENTS, ALLOC, LOAD, READONLY, CODE
  8 .tdata        00000000  200001e8  200001e8  000031e8  2**0
                  CONTENTS, ALLOC, LOAD, DATA, THREAD_LOCAL
  9 .tbss         00000000  200001e8  200001e8  00000000  2**0
                  ALLOC, THREAD_LOCAL
 10 .tbss_space   00000000  200001e8  200001e8  000031e8  2**0
                  CONTENTS
 11 .bss          000003cc  200001e8  1000198c  000031e8  2**3
                  ALLOC
 12 .tls0         00000000  200005b4  200005b4  000031e8  2**0
                  CONTENTS
 13 .tls1         00000000  200005b4  200005b4  000031e8  2**0
                  CONTENTS
 14 .persistent_data 00000000  200005b4  200005b4  000031e8  2**0
                  CONTENTS
 15 .dummy_pre_heap 00000000  200005b4  200005b4  000031e8  2**0
                  CONTENTS
 16 .heap         00000800  200005b4  200005b4  00004000  2**2
                  ALLOC, READONLY
 17 .scratch_x    00000000  20040000  20040000  000031e8  2**0
                  CONTENTS
 18 .scratch_y    00000000  20041000  20041000  000031e8  2**0
                  CONTENTS
 19 .stack_dummy  00000800  20041000  20041000  00004000  2**5
                  ALLOC, READONLY
 20 .debug_info   0001a47a  00000000  00000000  000031e8  2**0
                  CONTENTS, READONLY, DEBUGGING, OCTETS
 21 .debug_abbrev 00004ac3  00000000  00000000  0001d662  2**0
                  CONTENTS, READONLY, DEBUGGING, OCTETS
 22 .debug_loclists 0000f65b  00000000  00000000  00022125  2**0
                  CONTENTS, READONLY, DEBUGGING, OCTETS
 23 .debug_aranges 00000ec0  00000000  00000000  00031780  2**3
                  CONTENTS, READONLY, DEBUGGING, OCTETS
 24 .debug_rnglists 00002aa9  00000000  00000000  00032640  2**0
                  CONTENTS, READONLY, DEBUGGING, OCTETS
 25 .debug_line   000158cc  00000000  00000000  000350e9  2**0
                  CONTENTS, READONLY, DEBUGGING, OCTETS
 26 .debug_str    0000492f  00000000  00000000  0004a9b5  2**0
                  CONTENTS, READONLY, DEBUGGING, OCTETS
 27 .comment      00000045  00000000  00000000  0004f2e4  2**0
                  CONTENTS, READONLY
 28 .ARM.attributes 0000002a  00000000  00000000  0004f329  2**0
                  CONTENTS, READONLY
 29 .debug_frame  000019b4  00000000  00000000  0004f354  2**2
                  CONTENTS, READONLY, DEBUGGING, OCTETS
 30 .debug_line_str 0000034d  00000000  00000000  00050d08  2**0
                  CONTENTS, READONLY, DEBUGGING, OCTETS

/home/wizard/Documents/PiPicoTesting/blink/build/blink.elf:     file format elf32-littlearm


Disassembly of section .boot2:

10000000 <__boot2_start__>:
10000000:	4b32b500 	.word	0x4b32b500
10000004:	60582021 	.word	0x60582021
10000008:	21026898 	.word	0x21026898
1000000c:	60984388 	.word	0x60984388
10000010:	611860d8 	.word	0x611860d8
10000014:	4b2e6158 	.word	0x4b2e6158
10000018:	60992100 	.word	0x60992100
1000001c:	61592102 	.word	0x61592102
10000020:	22f02101 	.word	0x22f02101
10000024:	492b5099 	.word	0x492b5099
10000028:	21016019 	.word	0x21016019
1000002c:	20356099 	.word	0x20356099
10000030:	f844f000 	.word	0xf844f000
10000034:	42902202 	.word	0x42902202
10000038:	2106d014 	.word	0x2106d014
1000003c:	f0006619 	.word	0xf0006619
10000040:	6e19f834 	.word	0x6e19f834
10000044:	66192101 	.word	0x66192101
10000048:	66182000 	.word	0x66182000
1000004c:	f000661a 	.word	0xf000661a
10000050:	6e19f82c 	.word	0x6e19f82c
10000054:	6e196e19 	.word	0x6e196e19
10000058:	f0002005 	.word	0xf0002005
1000005c:	2101f82f 	.word	0x2101f82f
10000060:	d1f94208 	.word	0xd1f94208
10000064:	60992100 	.word	0x60992100
10000068:	6019491b 	.word	0x6019491b
1000006c:	60592100 	.word	0x60592100
10000070:	481b491a 	.word	0x481b491a
10000074:	21016001 	.word	0x21016001
10000078:	21eb6099 	.word	0x21eb6099
1000007c:	21a06619 	.word	0x21a06619
10000080:	f0006619 	.word	0xf0006619
10000084:	2100f812 	.word	0x2100f812
10000088:	49166099 	.word	0x49166099
1000008c:	60014814 	.word	0x60014814
10000090:	60992101 	.word	0x60992101
10000094:	2800bc01 	.word	0x2800bc01
10000098:	4700d000 	.word	0x4700d000
1000009c:	49134812 	.word	0x49134812
100000a0:	c8036008 	.word	0xc8036008
100000a4:	8808f380 	.word	0x8808f380
100000a8:	b5034708 	.word	0xb5034708
100000ac:	20046a99 	.word	0x20046a99
100000b0:	d0fb4201 	.word	0xd0fb4201
100000b4:	42012001 	.word	0x42012001
100000b8:	bd03d1f8 	.word	0xbd03d1f8
100000bc:	6618b502 	.word	0x6618b502
100000c0:	f7ff6618 	.word	0xf7ff6618
100000c4:	6e18fff2 	.word	0x6e18fff2
100000c8:	bd026e18 	.word	0xbd026e18
100000cc:	40020000 	.word	0x40020000
100000d0:	18000000 	.word	0x18000000
100000d4:	00070000 	.word	0x00070000
100000d8:	005f0300 	.word	0x005f0300
100000dc:	00002221 	.word	0x00002221
100000e0:	180000f4 	.word	0x180000f4
100000e4:	a0002022 	.word	0xa0002022
100000e8:	10000100 	.word	0x10000100
100000ec:	e000ed08 	.word	0xe000ed08
	...
100000fc:	7a4eb274 	.word	0x7a4eb274

Disassembly of section .text:

10000100 <__VECTOR_TABLE>:
10000100:	20042000 	.word	0x20042000
10000104:	100001f7 	.word	0x100001f7
10000108:	100001cb 	.word	0x100001cb
1000010c:	100001cd 	.word	0x100001cd
10000110:	100001c9 	.word	0x100001c9
10000114:	100001c9 	.word	0x100001c9
10000118:	100001c9 	.word	0x100001c9
1000011c:	100001c9 	.word	0x100001c9
10000120:	100001c9 	.word	0x100001c9
10000124:	100001c9 	.word	0x100001c9
10000128:	100001c9 	.word	0x100001c9
1000012c:	100001cf 	.word	0x100001cf
10000130:	100001c9 	.word	0x100001c9
10000134:	100001c9 	.word	0x100001c9
10000138:	100001d1 	.word	0x100001d1
1000013c:	100001d3 	.word	0x100001d3
10000140:	100001c1 	.word	0x100001c1
10000144:	100001c1 	.word	0x100001c1
10000148:	100001c1 	.word	0x100001c1
1000014c:	100001c1 	.word	0x100001c1
10000150:	100001c1 	.word	0x100001c1
10000154:	100001c1 	.word	0x100001c1
10000158:	100001c1 	.word	0x100001c1
1000015c:	100001c1 	.word	0x100001c1
10000160:	100001c1 	.word	0x100001c1
10000164:	100001c1 	.word	0x100001c1
10000168:	100001c1 	.word	0x100001c1
1000016c:	100001c1 	.word	0x100001c1
10000170:	100001c1 	.word	0x100001c1
10000174:	100001c1 	.word	0x100001c1
10000178:	100001c1 	.word	0x100001c1
1000017c:	100001c1 	.word	0x100001c1
10000180:	100001c1 	.word	0x100001c1
10000184:	100001c1 	.word	0x100001c1
10000188:	100001c1 	.word	0x100001c1
1000018c:	100001c1 	.word	0x100001c1
10000190:	100001c1 	.word	0x100001c1
10000194:	100001c1 	.word	0x100001c1
10000198:	100001c1 	.word	0x100001c1
1000019c:	100001c1 	.word	0x100001c1
100001a0:	100001c1 	.word	0x100001c1
100001a4:	100001c1 	.word	0x100001c1
100001a8:	100001c1 	.word	0x100001c1
100001ac:	100001c1 	.word	0x100001c1
100001b0:	100001c1 	.word	0x100001c1
100001b4:	100001c1 	.word	0x100001c1
100001b8:	100001c1 	.word	0x100001c1
100001bc:	100001c1 	.word	0x100001c1

100001c0 <__unhandled_user_irq>:
100001c0:	f3ef 8005 	mrs	r0, IPSR
100001c4:	3810      	subs	r0, #16

100001c6 <unhandled_user_irq_num_in_r0>:
100001c6:	be00      	bkpt	0x0000

100001c8 <isr_invalid>:
100001c8:	be00      	bkpt	0x0000

100001ca <isr_nmi>:
100001ca:	be00      	bkpt	0x0000

100001cc <isr_hardfault>:
100001cc:	be00      	bkpt	0x0000

100001ce <isr_svcall>:
100001ce:	be00      	bkpt	0x0000

100001d0 <isr_pendsv>:
100001d0:	be00      	bkpt	0x0000

100001d2 <isr_systick>:
100001d2:	be00      	bkpt	0x0000

100001d4 <__default_isrs_end>:
100001d4:	7188ebf2 	.word	0x7188ebf2
100001d8:	10001848 	.word	0x10001848
100001dc:	10001864 	.word	0x10001864
100001e0:	10000238 	.word	0x10000238
100001e4:	e71aa390 	.word	0xe71aa390

100001e8 <_entry_point>:
100001e8:	2000      	movs	r0, #0

100001ea <_enter_vtable_in_r0>:
100001ea:	491e      	ldr	r1, [pc, #120]	@ (10000264 <data_cpy_table+0x2c>)
100001ec:	6008      	str	r0, [r1, #0]
100001ee:	c806      	ldmia	r0!, {r1, r2}
100001f0:	f381 8808 	msr	MSP, r1
100001f4:	4710      	bx	r2

100001f6 <_reset_handler>:
100001f6:	481c      	ldr	r0, [pc, #112]	@ (10000268 <data_cpy_table+0x30>)
100001f8:	6800      	ldr	r0, [r0, #0]
100001fa:	2800      	cmp	r0, #0
100001fc:	d001      	beq.n	10000202 <hold_non_core0_in_bootrom+0x4>

100001fe <hold_non_core0_in_bootrom>:
100001fe:	2000      	movs	r0, #0
10000200:	e7f3      	b.n	100001ea <_enter_vtable_in_r0>
10000202:	a40d      	add	r4, pc, #52	@ (adr r4, 10000238 <data_cpy_table>)
10000204:	cc0e      	ldmia	r4!, {r1, r2, r3}
10000206:	2900      	cmp	r1, #0
10000208:	d002      	beq.n	10000210 <hold_non_core0_in_bootrom+0x12>
1000020a:	f000 f812 	bl	10000232 <data_cpy>
1000020e:	e7f9      	b.n	10000204 <hold_non_core0_in_bootrom+0x6>
10000210:	4916      	ldr	r1, [pc, #88]	@ (1000026c <data_cpy_table+0x34>)
10000212:	4a17      	ldr	r2, [pc, #92]	@ (10000270 <data_cpy_table+0x38>)
10000214:	2000      	movs	r0, #0
10000216:	e000      	b.n	1000021a <bss_fill_test>

10000218 <bss_fill_loop>:
10000218:	c101      	stmia	r1!, {r0}

1000021a <bss_fill_test>:
1000021a:	4291      	cmp	r1, r2
1000021c:	d1fc      	bne.n	10000218 <bss_fill_loop>

1000021e <platform_entry>:
1000021e:	4915      	ldr	r1, [pc, #84]	@ (10000274 <data_cpy_table+0x3c>)
10000220:	4788      	blx	r1
10000222:	4915      	ldr	r1, [pc, #84]	@ (10000278 <data_cpy_table+0x40>)
10000224:	4788      	blx	r1
10000226:	4915      	ldr	r1, [pc, #84]	@ (1000027c <data_cpy_table+0x44>)
10000228:	4788      	blx	r1
1000022a:	be00      	bkpt	0x0000
1000022c:	e7fd      	b.n	1000022a <platform_entry+0xc>

1000022e <data_cpy_loop>:
1000022e:	c901      	ldmia	r1!, {r0}
10000230:	c201      	stmia	r2!, {r0}

10000232 <data_cpy>:
10000232:	429a      	cmp	r2, r3
10000234:	d3fb      	bcc.n	1000022e <data_cpy_loop>

10000236 <data_cpy_done>:
10000236:	4770      	bx	lr

10000238 <data_cpy_table>:
10000238:	10001864 	.word	0x10001864
1000023c:	200000c0 	.word	0x200000c0
10000240:	200001e8 	.word	0x200001e8
10000244:	1000198c 	.word	0x1000198c
10000248:	20040000 	.word	0x20040000
1000024c:	20040000 	.word	0x20040000
10000250:	1000198c 	.word	0x1000198c
10000254:	20041000 	.word	0x20041000
10000258:	20041000 	.word	0x20041000
1000025c:	00000000 	.word	0x00000000
10000260:	4770      	bx	lr
10000262:	0000      	.short	0x0000
10000264:	e000ed08 	.word	0xe000ed08
10000268:	d0000000 	.word	0xd0000000
1000026c:	200001e8 	.word	0x200001e8
10000270:	200005b4 	.word	0x200005b4
10000274:	10001419 	.word	0x10001419
10000278:	10000281 	.word	0x10000281
1000027c:	10001411 	.word	0x10001411

10000280 <main>:
10000280:	b5f0      	push	{r4, r5, r6, r7, lr}
10000282:	46c6      	mov	lr, r8
10000284:	2019      	movs	r0, #25
10000286:	25d0      	movs	r5, #208	@ 0xd0
10000288:	2780      	movs	r7, #128	@ 0x80
1000028a:	b500      	push	{lr}
1000028c:	f000 f820 	bl	100002d0 <gpio_init>
10000290:	2301      	movs	r3, #1
10000292:	062d      	lsls	r5, r5, #24
10000294:	04bf      	lsls	r7, r7, #18
10000296:	4698      	mov	r8, r3
10000298:	2600      	movs	r6, #0
1000029a:	2400      	movs	r4, #0
1000029c:	626f      	str	r7, [r5, #36]	@ 0x24
1000029e:	e00e      	b.n	100002be <main+0x3e>
100002a0:	2c00      	cmp	r4, #0
100002a2:	dc01      	bgt.n	100002a8 <main+0x28>
100002a4:	2301      	movs	r3, #1
100002a6:	4698      	mov	r8, r3
100002a8:	2600      	movs	r6, #0
100002aa:	4444      	add	r4, r8
100002ac:	0020      	movs	r0, r4
100002ae:	616f      	str	r7, [r5, #20]
100002b0:	f000 fbac 	bl	10000a0c <sleep_ms>
100002b4:	200a      	movs	r0, #10
100002b6:	61af      	str	r7, [r5, #24]
100002b8:	1b00      	subs	r0, r0, r4
100002ba:	f000 fba7 	bl	10000a0c <sleep_ms>
100002be:	3601      	adds	r6, #1
100002c0:	2e0a      	cmp	r6, #10
100002c2:	d1f3      	bne.n	100002ac <main+0x2c>
100002c4:	2c09      	cmp	r4, #9
100002c6:	ddeb      	ble.n	100002a0 <main+0x20>
100002c8:	2301      	movs	r3, #1
100002ca:	425b      	negs	r3, r3
100002cc:	4698      	mov	r8, r3
100002ce:	e7eb      	b.n	100002a8 <main+0x28>

100002d0 <gpio_init>:
100002d0:	2301      	movs	r3, #1
100002d2:	22d0      	movs	r2, #208	@ 0xd0
100002d4:	4083      	lsls	r3, r0
100002d6:	0612      	lsls	r2, r2, #24
100002d8:	6293      	str	r3, [r2, #40]	@ 0x28
100002da:	6193      	str	r3, [r2, #24]
100002dc:	4a08      	ldr	r2, [pc, #32]	@ (10000300 <gpio_init+0x30>)
100002de:	0083      	lsls	r3, r0, #2
100002e0:	189a      	adds	r2, r3, r2
100002e2:	6811      	ldr	r1, [r2, #0]
100002e4:	2240      	movs	r2, #64	@ 0x40
100002e6:	4051      	eors	r1, r2
100002e8:	3280      	adds	r2, #128	@ 0x80
100002ea:	400a      	ands	r2, r1
100002ec:	4905      	ldr	r1, [pc, #20]	@ (10000304 <gpio_init+0x34>)
100002ee:	00c0      	lsls	r0, r0, #3
100002f0:	185b      	adds	r3, r3, r1
100002f2:	601a      	str	r2, [r3, #0]
100002f4:	4b04      	ldr	r3, [pc, #16]	@ (10000308 <gpio_init+0x38>)
100002f6:	18c0      	adds	r0, r0, r3
100002f8:	2305      	movs	r3, #5
100002fa:	6043      	str	r3, [r0, #4]
100002fc:	4770      	bx	lr
100002fe:	46c0      	nop			@ (mov r8, r8)
10000300:	4001c004 	.word	0x4001c004
10000304:	4001d004 	.word	0x4001d004
10000308:	40014000 	.word	0x40014000

1000030c <panic>:
1000030c:	b40f      	push	{r0, r1, r2, r3}
1000030e:	b500      	push	{lr}
10000310:	4808      	ldr	r0, [pc, #32]	@ (10000334 <panic+0x28>)
10000312:	b083      	sub	sp, #12
10000314:	f001 f9aa 	bl	1000166c <__wrap_puts>
10000318:	9b04      	ldr	r3, [sp, #16]
1000031a:	2b00      	cmp	r3, #0
1000031c:	d007      	beq.n	1000032e <panic+0x22>
1000031e:	a905      	add	r1, sp, #20
10000320:	0018      	movs	r0, r3
10000322:	9101      	str	r1, [sp, #4]
10000324:	f001 f858 	bl	100013d8 <weak_raw_vprintf>
10000328:	4803      	ldr	r0, [pc, #12]	@ (10000338 <panic+0x2c>)
1000032a:	f001 f99f 	bl	1000166c <__wrap_puts>
1000032e:	2001      	movs	r0, #1
10000330:	f001 f86a 	bl	10001408 <_exit>
10000334:	10001774 	.word	0x10001774
10000338:	100017d8 	.word	0x100017d8

1000033c <hw_claim_or_assert>:
1000033c:	b570      	push	{r4, r5, r6, lr}
1000033e:	468c      	mov	ip, r1
10000340:	0016      	movs	r6, r2
10000342:	f3ef 8410 	mrs	r4, PRIMASK
10000346:	b672      	cpsid	i
10000348:	490f      	ldr	r1, [pc, #60]	@ (10000388 <hw_claim_or_assert+0x4c>)
1000034a:	680b      	ldr	r3, [r1, #0]
1000034c:	2b00      	cmp	r3, #0
1000034e:	d0fc      	beq.n	1000034a <hw_claim_or_assert+0xe>
10000350:	f3bf 8f5f 	dmb	sy
10000354:	4663      	mov	r3, ip
10000356:	08db      	lsrs	r3, r3, #3
10000358:	18c5      	adds	r5, r0, r3
1000035a:	2207      	movs	r2, #7
1000035c:	5cc0      	ldrb	r0, [r0, r3]
1000035e:	4663      	mov	r3, ip
10000360:	401a      	ands	r2, r3
10000362:	2301      	movs	r3, #1
10000364:	4093      	lsls	r3, r2
10000366:	001a      	movs	r2, r3
10000368:	4002      	ands	r2, r0
1000036a:	4203      	tst	r3, r0
1000036c:	d107      	bne.n	1000037e <hw_claim_or_assert+0x42>
1000036e:	4318      	orrs	r0, r3
10000370:	7028      	strb	r0, [r5, #0]
10000372:	f3bf 8f5f 	dmb	sy
10000376:	600a      	str	r2, [r1, #0]
10000378:	f384 8810 	msr	PRIMASK, r4
1000037c:	bd70      	pop	{r4, r5, r6, pc}
1000037e:	4661      	mov	r1, ip
10000380:	0030      	movs	r0, r6
10000382:	f7ff ffc3 	bl	1000030c <panic>
10000386:	46c0      	nop			@ (mov r8, r8)
10000388:	d000012c 	.word	0xd000012c

1000038c <next_striped_spin_lock_num>:
1000038c:	4a04      	ldr	r2, [pc, #16]	@ (100003a0 <next_striped_spin_lock_num+0x14>)
1000038e:	7810      	ldrb	r0, [r2, #0]
10000390:	1c43      	adds	r3, r0, #1
10000392:	b2db      	uxtb	r3, r3
10000394:	2b17      	cmp	r3, #23
10000396:	d900      	bls.n	1000039a <next_striped_spin_lock_num+0xe>
10000398:	2310      	movs	r3, #16
1000039a:	7013      	strb	r3, [r2, #0]
1000039c:	4770      	bx	lr
1000039e:	46c0      	nop			@ (mov r8, r8)
100003a0:	20000198 	.word	0x20000198

100003a4 <spin_locks_reset>:
100003a4:	2100      	movs	r1, #0
100003a6:	4b04      	ldr	r3, [pc, #16]	@ (100003b8 <spin_locks_reset+0x14>)
100003a8:	4a04      	ldr	r2, [pc, #16]	@ (100003bc <spin_locks_reset+0x18>)
100003aa:	f3bf 8f5f 	dmb	sy
100003ae:	c302      	stmia	r3!, {r1}
100003b0:	4293      	cmp	r3, r2
100003b2:	d1fa      	bne.n	100003aa <spin_locks_reset+0x6>
100003b4:	4770      	bx	lr
100003b6:	46c0      	nop			@ (mov r8, r8)
100003b8:	d0000100 	.word	0xd0000100
100003bc:	d0000180 	.word	0xd0000180

100003c0 <runtime_init_per_core_irq_priorities>:
100003c0:	4b08      	ldr	r3, [pc, #32]	@ (100003e4 <runtime_init_per_core_irq_priorities+0x24>)
100003c2:	4a09      	ldr	r2, [pc, #36]	@ (100003e8 <runtime_init_per_core_irq_priorities+0x28>)
100003c4:	6013      	str	r3, [r2, #0]
100003c6:	4a09      	ldr	r2, [pc, #36]	@ (100003ec <runtime_init_per_core_irq_priorities+0x2c>)
100003c8:	6013      	str	r3, [r2, #0]
100003ca:	4a09      	ldr	r2, [pc, #36]	@ (100003f0 <runtime_init_per_core_irq_priorities+0x30>)
100003cc:	6013      	str	r3, [r2, #0]
100003ce:	4a09      	ldr	r2, [pc, #36]	@ (100003f4 <runtime_init_per_core_irq_priorities+0x34>)
100003d0:	6013      	str	r3, [r2, #0]
100003d2:	4a09      	ldr	r2, [pc, #36]	@ (100003f8 <runtime_init_per_core_irq_priorities+0x38>)
100003d4:	6013      	str	r3, [r2, #0]
100003d6:	4a09      	ldr	r2, [pc, #36]	@ (100003fc <runtime_init_per_core_irq_priorities+0x3c>)
100003d8:	6013      	str	r3, [r2, #0]
100003da:	4a09      	ldr	r2, [pc, #36]	@ (10000400 <runtime_init_per_core_irq_priorities+0x40>)
100003dc:	6013      	str	r3, [r2, #0]
100003de:	4a09      	ldr	r2, [pc, #36]	@ (10000404 <runtime_init_per_core_irq_priorities+0x44>)
100003e0:	6013      	str	r3, [r2, #0]
100003e2:	4770      	bx	lr
100003e4:	80808080 	.word	0x80808080
100003e8:	e000e400 	.word	0xe000e400
100003ec:	e000e404 	.word	0xe000e404
100003f0:	e000e408 	.word	0xe000e408
100003f4:	e000e40c 	.word	0xe000e40c
100003f8:	e000e410 	.word	0xe000e410
100003fc:	e000e414 	.word	0xe000e414
10000400:	e000e418 	.word	0xe000e418
10000404:	e000e41c 	.word	0xe000e41c

10000408 <irq_set_enabled>:
10000408:	231f      	movs	r3, #31
1000040a:	4018      	ands	r0, r3
1000040c:	3b1e      	subs	r3, #30
1000040e:	4083      	lsls	r3, r0
10000410:	2900      	cmp	r1, #0
10000412:	d005      	beq.n	10000420 <irq_set_enabled+0x18>
10000414:	21c0      	movs	r1, #192	@ 0xc0
10000416:	4a04      	ldr	r2, [pc, #16]	@ (10000428 <irq_set_enabled+0x20>)
10000418:	0049      	lsls	r1, r1, #1
1000041a:	5053      	str	r3, [r2, r1]
1000041c:	6013      	str	r3, [r2, #0]
1000041e:	4770      	bx	lr
10000420:	2280      	movs	r2, #128	@ 0x80
10000422:	4901      	ldr	r1, [pc, #4]	@ (10000428 <irq_set_enabled+0x20>)
10000424:	508b      	str	r3, [r1, r2]
10000426:	e7fa      	b.n	1000041e <irq_set_enabled+0x16>
10000428:	e000e100 	.word	0xe000e100

1000042c <irq_set_exclusive_handler>:
1000042c:	b510      	push	{r4, lr}
1000042e:	f3ef 8c10 	mrs	ip, PRIMASK
10000432:	b672      	cpsid	i
10000434:	4a0f      	ldr	r2, [pc, #60]	@ (10000474 <irq_set_exclusive_handler+0x48>)
10000436:	6813      	ldr	r3, [r2, #0]
10000438:	2b00      	cmp	r3, #0
1000043a:	d0fc      	beq.n	10000436 <irq_set_exclusive_handler+0xa>
1000043c:	f3bf 8f5f 	dmb	sy
10000440:	4b0d      	ldr	r3, [pc, #52]	@ (10000478 <irq_set_exclusive_handler+0x4c>)
10000442:	3010      	adds	r0, #16
10000444:	689b      	ldr	r3, [r3, #8]
10000446:	0080      	lsls	r0, r0, #2
10000448:	581b      	ldr	r3, [r3, r0]
1000044a:	4a0c      	ldr	r2, [pc, #48]	@ (1000047c <irq_set_exclusive_handler+0x50>)
1000044c:	4293      	cmp	r3, r2
1000044e:	d001      	beq.n	10000454 <irq_set_exclusive_handler+0x28>
10000450:	4299      	cmp	r1, r3
10000452:	d10c      	bne.n	1000046e <irq_set_exclusive_handler+0x42>
10000454:	4b08      	ldr	r3, [pc, #32]	@ (10000478 <irq_set_exclusive_handler+0x4c>)
10000456:	689b      	ldr	r3, [r3, #8]
10000458:	5019      	str	r1, [r3, r0]
1000045a:	f3bf 8f5f 	dmb	sy
1000045e:	f3bf 8f5f 	dmb	sy
10000462:	2200      	movs	r2, #0
10000464:	4b03      	ldr	r3, [pc, #12]	@ (10000474 <irq_set_exclusive_handler+0x48>)
10000466:	601a      	str	r2, [r3, #0]
10000468:	f38c 8810 	msr	PRIMASK, ip
1000046c:	bd10      	pop	{r4, pc}
1000046e:	f000 fd81 	bl	10000f74 <hard_assertion_failure>
10000472:	46c0      	nop			@ (mov r8, r8)
10000474:	d0000124 	.word	0xd0000124
10000478:	e000ed00 	.word	0xe000ed00
1000047c:	100001c1 	.word	0x100001c1

10000480 <lock_init>:
10000480:	4b02      	ldr	r3, [pc, #8]	@ (1000048c <lock_init+0xc>)
10000482:	18c9      	adds	r1, r1, r3
10000484:	0089      	lsls	r1, r1, #2
10000486:	6001      	str	r1, [r0, #0]
10000488:	4770      	bx	lr
1000048a:	46c0      	nop			@ (mov r8, r8)
1000048c:	34000040 	.word	0x34000040

10000490 <runtime_init_mutex>:
10000490:	b570      	push	{r4, r5, r6, lr}
10000492:	4c11      	ldr	r4, [pc, #68]	@ (100004d8 <runtime_init_mutex+0x48>)
10000494:	4d11      	ldr	r5, [pc, #68]	@ (100004dc <runtime_init_mutex+0x4c>)
10000496:	42ac      	cmp	r4, r5
10000498:	d20f      	bcs.n	100004ba <runtime_init_mutex+0x2a>
1000049a:	26ff      	movs	r6, #255	@ 0xff
1000049c:	6823      	ldr	r3, [r4, #0]
1000049e:	2b00      	cmp	r3, #0
100004a0:	d00c      	beq.n	100004bc <runtime_init_mutex+0x2c>
100004a2:	f7ff ff73 	bl	1000038c <next_striped_spin_lock_num>
100004a6:	0001      	movs	r1, r0
100004a8:	0020      	movs	r0, r4
100004aa:	f7ff ffe9 	bl	10000480 <lock_init>
100004ae:	80a6      	strh	r6, [r4, #4]
100004b0:	f3bf 8f5f 	dmb	sy
100004b4:	3408      	adds	r4, #8
100004b6:	42ac      	cmp	r4, r5
100004b8:	d3f0      	bcc.n	1000049c <runtime_init_mutex+0xc>
100004ba:	bd70      	pop	{r4, r5, r6, pc}
100004bc:	f7ff ff66 	bl	1000038c <next_striped_spin_lock_num>
100004c0:	0001      	movs	r1, r0
100004c2:	0020      	movs	r0, r4
100004c4:	f7ff ffdc 	bl	10000480 <lock_init>
100004c8:	7126      	strb	r6, [r4, #4]
100004ca:	f3bf 8f5f 	dmb	sy
100004ce:	3408      	adds	r4, #8
100004d0:	42ac      	cmp	r4, r5
100004d2:	d3e3      	bcc.n	1000049c <runtime_init_mutex+0xc>
100004d4:	e7f1      	b.n	100004ba <runtime_init_mutex+0x2a>
100004d6:	46c0      	nop			@ (mov r8, r8)
100004d8:	200001e0 	.word	0x200001e0
100004dc:	200001e8 	.word	0x200001e8

100004e0 <sleep_until_callback>:
100004e0:	bf40      	sev
100004e2:	2000      	movs	r0, #0
100004e4:	2100      	movs	r1, #0
100004e6:	4770      	bx	lr

100004e8 <alarm_pool_irq_handler>:
100004e8:	b5f0      	push	{r4, r5, r6, r7, lr}
100004ea:	46de      	mov	lr, fp
100004ec:	4657      	mov	r7, sl
100004ee:	464e      	mov	r6, r9
100004f0:	4645      	mov	r5, r8
100004f2:	b5e0      	push	{r5, r6, r7, lr}
100004f4:	b085      	sub	sp, #20
100004f6:	f3ef 8305 	mrs	r3, IPSR
100004fa:	2203      	movs	r2, #3
100004fc:	401a      	ands	r2, r3
100004fe:	4bb1      	ldr	r3, [pc, #708]	@ (100007c4 <alarm_pool_irq_handler+0x2dc>)
10000500:	0091      	lsls	r1, r2, #2
10000502:	585b      	ldr	r3, [r3, r1]
10000504:	9203      	str	r2, [sp, #12]
10000506:	4698      	mov	r8, r3
10000508:	2301      	movs	r3, #1
1000050a:	4093      	lsls	r3, r2
1000050c:	001a      	movs	r2, r3
1000050e:	9301      	str	r3, [sp, #4]
10000510:	4bad      	ldr	r3, [pc, #692]	@ (100007c8 <alarm_pool_irq_handler+0x2e0>)
10000512:	9102      	str	r1, [sp, #8]
10000514:	601a      	str	r2, [r3, #0]
10000516:	2308      	movs	r3, #8
10000518:	4443      	add	r3, r8
1000051a:	4699      	mov	r9, r3
1000051c:	9b01      	ldr	r3, [sp, #4]
1000051e:	48ab      	ldr	r0, [pc, #684]	@ (100007cc <alarm_pool_irq_handler+0x2e4>)
10000520:	6343      	str	r3, [r0, #52]	@ 0x34
10000522:	4643      	mov	r3, r8
10000524:	2208      	movs	r2, #8
10000526:	5e9b      	ldrsh	r3, [r3, r2]
10000528:	469a      	mov	sl, r3
1000052a:	2b00      	cmp	r3, #0
1000052c:	db00      	blt.n	10000530 <alarm_pool_irq_handler+0x48>
1000052e:	e0b9      	b.n	100006a4 <alarm_pool_irq_handler+0x1bc>
10000530:	4643      	mov	r3, r8
10000532:	889b      	ldrh	r3, [r3, #4]
10000534:	b21b      	sxth	r3, r3
10000536:	2b00      	cmp	r3, #0
10000538:	da00      	bge.n	1000053c <alarm_pool_irq_handler+0x54>
1000053a:	e126      	b.n	1000078a <alarm_pool_irq_handler+0x2a2>
1000053c:	4643      	mov	r3, r8
1000053e:	691b      	ldr	r3, [r3, #16]
10000540:	f3ef 8210 	mrs	r2, PRIMASK
10000544:	b672      	cpsid	i
10000546:	6819      	ldr	r1, [r3, #0]
10000548:	2900      	cmp	r1, #0
1000054a:	d0fc      	beq.n	10000546 <alarm_pool_irq_handler+0x5e>
1000054c:	f3bf 8f5f 	dmb	sy
10000550:	4643      	mov	r3, r8
10000552:	889e      	ldrh	r6, [r3, #4]
10000554:	2301      	movs	r3, #1
10000556:	4641      	mov	r1, r8
10000558:	425b      	negs	r3, r3
1000055a:	808b      	strh	r3, [r1, #4]
1000055c:	b236      	sxth	r6, r6
1000055e:	690b      	ldr	r3, [r1, #16]
10000560:	f3bf 8f5f 	dmb	sy
10000564:	2100      	movs	r1, #0
10000566:	6019      	str	r1, [r3, #0]
10000568:	f382 8810 	msr	PRIMASK, r2
1000056c:	2e00      	cmp	r6, #0
1000056e:	db26      	blt.n	100005be <alarm_pool_irq_handler+0xd6>
10000570:	4643      	mov	r3, r8
10000572:	695d      	ldr	r5, [r3, #20]
10000574:	0074      	lsls	r4, r6, #1
10000576:	19a4      	adds	r4, r4, r6
10000578:	2008      	movs	r0, #8
1000057a:	5e1a      	ldrsh	r2, [r3, r0]
1000057c:	00e4      	lsls	r4, r4, #3
1000057e:	4649      	mov	r1, r9
10000580:	192c      	adds	r4, r5, r4
10000582:	2a00      	cmp	r2, #0
10000584:	db14      	blt.n	100005b0 <alarm_pool_irq_handler+0xc8>
10000586:	68a0      	ldr	r0, [r4, #8]
10000588:	469a      	mov	sl, r3
1000058a:	4680      	mov	r8, r0
1000058c:	68e0      	ldr	r0, [r4, #12]
1000058e:	e007      	b.n	100005a0 <alarm_pool_irq_handler+0xb8>
10000590:	4283      	cmp	r3, r0
10000592:	d100      	bne.n	10000596 <alarm_pool_irq_handler+0xae>
10000594:	e081      	b.n	1000069a <alarm_pool_irq_handler+0x1b2>
10000596:	2300      	movs	r3, #0
10000598:	5efa      	ldrsh	r2, [r7, r3]
1000059a:	0039      	movs	r1, r7
1000059c:	2a00      	cmp	r2, #0
1000059e:	db06      	blt.n	100005ae <alarm_pool_irq_handler+0xc6>
100005a0:	0057      	lsls	r7, r2, #1
100005a2:	18bf      	adds	r7, r7, r2
100005a4:	00ff      	lsls	r7, r7, #3
100005a6:	19ef      	adds	r7, r5, r7
100005a8:	68fb      	ldr	r3, [r7, #12]
100005aa:	4283      	cmp	r3, r0
100005ac:	ddf0      	ble.n	10000590 <alarm_pool_irq_handler+0xa8>
100005ae:	4653      	mov	r3, sl
100005b0:	800e      	strh	r6, [r1, #0]
100005b2:	2100      	movs	r1, #0
100005b4:	5e66      	ldrsh	r6, [r4, r1]
100005b6:	8022      	strh	r2, [r4, #0]
100005b8:	2e00      	cmp	r6, #0
100005ba:	dadb      	bge.n	10000574 <alarm_pool_irq_handler+0x8c>
100005bc:	4698      	mov	r8, r3
100005be:	4643      	mov	r3, r8
100005c0:	2108      	movs	r1, #8
100005c2:	5e59      	ldrsh	r1, [r3, r1]
100005c4:	2900      	cmp	r1, #0
100005c6:	da00      	bge.n	100005ca <alarm_pool_irq_handler+0xe2>
100005c8:	e0df      	b.n	1000078a <alarm_pool_irq_handler+0x2a2>
100005ca:	4643      	mov	r3, r8
100005cc:	695a      	ldr	r2, [r3, #20]
100005ce:	004b      	lsls	r3, r1, #1
100005d0:	487e      	ldr	r0, [pc, #504]	@ (100007cc <alarm_pool_irq_handler+0x2e4>)
100005d2:	185b      	adds	r3, r3, r1
100005d4:	9902      	ldr	r1, [sp, #8]
100005d6:	00db      	lsls	r3, r3, #3
100005d8:	18d3      	adds	r3, r2, r3
100005da:	1809      	adds	r1, r1, r0
100005dc:	6a82      	ldr	r2, [r0, #40]	@ 0x28
100005de:	689d      	ldr	r5, [r3, #8]
100005e0:	68dc      	ldr	r4, [r3, #12]
100005e2:	690b      	ldr	r3, [r1, #16]
100005e4:	1aae      	subs	r6, r5, r2
100005e6:	1a9b      	subs	r3, r3, r2
100005e8:	429e      	cmp	r6, r3
100005ea:	d31b      	bcc.n	10000624 <alarm_pool_irq_handler+0x13c>
100005ec:	2301      	movs	r3, #1
100005ee:	6a02      	ldr	r2, [r0, #32]
100005f0:	9803      	ldr	r0, [sp, #12]
100005f2:	4083      	lsls	r3, r0
100005f4:	421a      	tst	r2, r3
100005f6:	d015      	beq.n	10000624 <alarm_pool_irq_handler+0x13c>
100005f8:	4643      	mov	r3, r8
100005fa:	799b      	ldrb	r3, [r3, #6]
100005fc:	2b00      	cmp	r3, #0
100005fe:	d116      	bne.n	1000062e <alarm_pool_irq_handler+0x146>
10000600:	4872      	ldr	r0, [pc, #456]	@ (100007cc <alarm_pool_irq_handler+0x2e4>)
10000602:	f000 fb01 	bl	10000c08 <timer_time_us_64>
10000606:	428c      	cmp	r4, r1
10000608:	dc04      	bgt.n	10000614 <alarm_pool_irq_handler+0x12c>
1000060a:	d000      	beq.n	1000060e <alarm_pool_irq_handler+0x126>
1000060c:	e786      	b.n	1000051c <alarm_pool_irq_handler+0x34>
1000060e:	4285      	cmp	r5, r0
10000610:	d800      	bhi.n	10000614 <alarm_pool_irq_handler+0x12c>
10000612:	e783      	b.n	1000051c <alarm_pool_irq_handler+0x34>
10000614:	bf40      	sev
10000616:	b005      	add	sp, #20
10000618:	bcf0      	pop	{r4, r5, r6, r7}
1000061a:	46bb      	mov	fp, r7
1000061c:	46b2      	mov	sl, r6
1000061e:	46a9      	mov	r9, r5
10000620:	46a0      	mov	r8, r4
10000622:	bdf0      	pop	{r4, r5, r6, r7, pc}
10000624:	4643      	mov	r3, r8
10000626:	610d      	str	r5, [r1, #16]
10000628:	799b      	ldrb	r3, [r3, #6]
1000062a:	2b00      	cmp	r3, #0
1000062c:	d0e8      	beq.n	10000600 <alarm_pool_irq_handler+0x118>
1000062e:	2300      	movs	r3, #0
10000630:	4642      	mov	r2, r8
10000632:	7193      	strb	r3, [r2, #6]
10000634:	4643      	mov	r3, r8
10000636:	2208      	movs	r2, #8
10000638:	5e9a      	ldrsh	r2, [r3, r2]
1000063a:	1c53      	adds	r3, r2, #1
1000063c:	d0e0      	beq.n	10000600 <alarm_pool_irq_handler+0x118>
1000063e:	4647      	mov	r7, r8
10000640:	4648      	mov	r0, r9
10000642:	2600      	movs	r6, #0
10000644:	46a8      	mov	r8, r5
10000646:	46a3      	mov	fp, r4
10000648:	e002      	b.n	10000650 <alarm_pool_irq_handler+0x168>
1000064a:	0008      	movs	r0, r1
1000064c:	1c53      	adds	r3, r2, #1
1000064e:	d020      	beq.n	10000692 <alarm_pool_irq_handler+0x1aa>
10000650:	0053      	lsls	r3, r2, #1
10000652:	697d      	ldr	r5, [r7, #20]
10000654:	189b      	adds	r3, r3, r2
10000656:	00db      	lsls	r3, r3, #3
10000658:	18e9      	adds	r1, r5, r3
1000065a:	0014      	movs	r4, r2
1000065c:	5eea      	ldrsh	r2, [r5, r3]
1000065e:	884b      	ldrh	r3, [r1, #2]
10000660:	b21b      	sxth	r3, r3
10000662:	2b00      	cmp	r3, #0
10000664:	daf1      	bge.n	1000064a <alarm_pool_irq_handler+0x162>
10000666:	8002      	strh	r2, [r0, #0]
10000668:	693b      	ldr	r3, [r7, #16]
1000066a:	f3ef 8a10 	mrs	sl, PRIMASK
1000066e:	b672      	cpsid	i
10000670:	001d      	movs	r5, r3
10000672:	682b      	ldr	r3, [r5, #0]
10000674:	2b00      	cmp	r3, #0
10000676:	d0fc      	beq.n	10000672 <alarm_pool_irq_handler+0x18a>
10000678:	f3bf 8f5f 	dmb	sy
1000067c:	887b      	ldrh	r3, [r7, #2]
1000067e:	800b      	strh	r3, [r1, #0]
10000680:	693b      	ldr	r3, [r7, #16]
10000682:	807c      	strh	r4, [r7, #2]
10000684:	f3bf 8f5f 	dmb	sy
10000688:	601e      	str	r6, [r3, #0]
1000068a:	f38a 8810 	msr	PRIMASK, sl
1000068e:	1c53      	adds	r3, r2, #1
10000690:	d1de      	bne.n	10000650 <alarm_pool_irq_handler+0x168>
10000692:	4645      	mov	r5, r8
10000694:	465c      	mov	r4, fp
10000696:	46b8      	mov	r8, r7
10000698:	e7b2      	b.n	10000600 <alarm_pool_irq_handler+0x118>
1000069a:	68bb      	ldr	r3, [r7, #8]
1000069c:	4543      	cmp	r3, r8
1000069e:	d800      	bhi.n	100006a2 <alarm_pool_irq_handler+0x1ba>
100006a0:	e779      	b.n	10000596 <alarm_pool_irq_handler+0xae>
100006a2:	e784      	b.n	100005ae <alarm_pool_irq_handler+0xc6>
100006a4:	4642      	mov	r2, r8
100006a6:	6952      	ldr	r2, [r2, #20]
100006a8:	005b      	lsls	r3, r3, #1
100006aa:	4693      	mov	fp, r2
100006ac:	4453      	add	r3, sl
100006ae:	00db      	lsls	r3, r3, #3
100006b0:	449b      	add	fp, r3
100006b2:	465b      	mov	r3, fp
100006b4:	689e      	ldr	r6, [r3, #8]
100006b6:	68df      	ldr	r7, [r3, #12]
100006b8:	f000 faa6 	bl	10000c08 <timer_time_us_64>
100006bc:	428f      	cmp	r7, r1
100006be:	dc2a      	bgt.n	10000716 <alarm_pool_irq_handler+0x22e>
100006c0:	d030      	beq.n	10000724 <alarm_pool_irq_handler+0x23c>
100006c2:	465b      	mov	r3, fp
100006c4:	465a      	mov	r2, fp
100006c6:	691b      	ldr	r3, [r3, #16]
100006c8:	6954      	ldr	r4, [r2, #20]
100006ca:	2b02      	cmp	r3, #2
100006cc:	d032      	beq.n	10000734 <alarm_pool_irq_handler+0x24c>
100006ce:	4641      	mov	r1, r8
100006d0:	2008      	movs	r0, #8
100006d2:	5e08      	ldrsh	r0, [r1, r0]
100006d4:	8852      	ldrh	r2, [r2, #2]
100006d6:	0400      	lsls	r0, r0, #16
100006d8:	0021      	movs	r1, r4
100006da:	4310      	orrs	r0, r2
100006dc:	4798      	blx	r3
100006de:	0004      	movs	r4, r0
100006e0:	000d      	movs	r5, r1
100006e2:	0023      	movs	r3, r4
100006e4:	432b      	orrs	r3, r5
100006e6:	d02e      	beq.n	10000746 <alarm_pool_irq_handler+0x25e>
100006e8:	2d00      	cmp	r5, #0
100006ea:	da48      	bge.n	1000077e <alarm_pool_irq_handler+0x296>
100006ec:	0030      	movs	r0, r6
100006ee:	0039      	movs	r1, r7
100006f0:	1b00      	subs	r0, r0, r4
100006f2:	41a9      	sbcs	r1, r5
100006f4:	465b      	mov	r3, fp
100006f6:	6098      	str	r0, [r3, #8]
100006f8:	60d9      	str	r1, [r3, #12]
100006fa:	2200      	movs	r2, #0
100006fc:	5e9b      	ldrsh	r3, [r3, r2]
100006fe:	2b00      	cmp	r3, #0
10000700:	db09      	blt.n	10000716 <alarm_pool_irq_handler+0x22e>
10000702:	4642      	mov	r2, r8
10000704:	005e      	lsls	r6, r3, #1
10000706:	6954      	ldr	r4, [r2, #20]
10000708:	18f2      	adds	r2, r6, r3
1000070a:	00d2      	lsls	r2, r2, #3
1000070c:	18a2      	adds	r2, r4, r2
1000070e:	6897      	ldr	r7, [r2, #8]
10000710:	68d2      	ldr	r2, [r2, #12]
10000712:	428a      	cmp	r2, r1
10000714:	dd5c      	ble.n	100007d0 <alarm_pool_irq_handler+0x2e8>
10000716:	4643      	mov	r3, r8
10000718:	889b      	ldrh	r3, [r3, #4]
1000071a:	b21b      	sxth	r3, r3
1000071c:	2b00      	cmp	r3, #0
1000071e:	da00      	bge.n	10000722 <alarm_pool_irq_handler+0x23a>
10000720:	e74d      	b.n	100005be <alarm_pool_irq_handler+0xd6>
10000722:	e70b      	b.n	1000053c <alarm_pool_irq_handler+0x54>
10000724:	4286      	cmp	r6, r0
10000726:	d8f6      	bhi.n	10000716 <alarm_pool_irq_handler+0x22e>
10000728:	465b      	mov	r3, fp
1000072a:	465a      	mov	r2, fp
1000072c:	691b      	ldr	r3, [r3, #16]
1000072e:	6954      	ldr	r4, [r2, #20]
10000730:	2b02      	cmp	r3, #2
10000732:	d1cc      	bne.n	100006ce <alarm_pool_irq_handler+0x1e6>
10000734:	0020      	movs	r0, r4
10000736:	6923      	ldr	r3, [r4, #16]
10000738:	4798      	blx	r3
1000073a:	2800      	cmp	r0, #0
1000073c:	d003      	beq.n	10000746 <alarm_pool_irq_handler+0x25e>
1000073e:	cc30      	ldmia	r4, {r4, r5}
10000740:	0023      	movs	r3, r4
10000742:	432b      	orrs	r3, r5
10000744:	d1d0      	bne.n	100006e8 <alarm_pool_irq_handler+0x200>
10000746:	465b      	mov	r3, fp
10000748:	4642      	mov	r2, r8
1000074a:	881b      	ldrh	r3, [r3, #0]
1000074c:	8113      	strh	r3, [r2, #8]
1000074e:	6912      	ldr	r2, [r2, #16]
10000750:	f3ef 8310 	mrs	r3, PRIMASK
10000754:	b672      	cpsid	i
10000756:	6811      	ldr	r1, [r2, #0]
10000758:	2900      	cmp	r1, #0
1000075a:	d0fc      	beq.n	10000756 <alarm_pool_irq_handler+0x26e>
1000075c:	f3bf 8f5f 	dmb	sy
10000760:	4642      	mov	r2, r8
10000762:	4659      	mov	r1, fp
10000764:	8852      	ldrh	r2, [r2, #2]
10000766:	800a      	strh	r2, [r1, #0]
10000768:	4642      	mov	r2, r8
1000076a:	4651      	mov	r1, sl
1000076c:	8051      	strh	r1, [r2, #2]
1000076e:	6912      	ldr	r2, [r2, #16]
10000770:	f3bf 8f5f 	dmb	sy
10000774:	2100      	movs	r1, #0
10000776:	6011      	str	r1, [r2, #0]
10000778:	f383 8810 	msr	PRIMASK, r3
1000077c:	e7cb      	b.n	10000716 <alarm_pool_irq_handler+0x22e>
1000077e:	4813      	ldr	r0, [pc, #76]	@ (100007cc <alarm_pool_irq_handler+0x2e4>)
10000780:	f000 fa42 	bl	10000c08 <timer_time_us_64>
10000784:	1900      	adds	r0, r0, r4
10000786:	4169      	adcs	r1, r5
10000788:	e7b4      	b.n	100006f4 <alarm_pool_irq_handler+0x20c>
1000078a:	4c10      	ldr	r4, [pc, #64]	@ (100007cc <alarm_pool_irq_handler+0x2e4>)
1000078c:	0020      	movs	r0, r4
1000078e:	f000 fa3b 	bl	10000c08 <timer_time_us_64>
10000792:	2280      	movs	r2, #128	@ 0x80
10000794:	2300      	movs	r3, #0
10000796:	0612      	lsls	r2, r2, #24
10000798:	1880      	adds	r0, r0, r2
1000079a:	4159      	adcs	r1, r3
1000079c:	9a02      	ldr	r2, [sp, #8]
1000079e:	6aa5      	ldr	r5, [r4, #40]	@ 0x28
100007a0:	1912      	adds	r2, r2, r4
100007a2:	6913      	ldr	r3, [r2, #16]
100007a4:	1b46      	subs	r6, r0, r5
100007a6:	1b5b      	subs	r3, r3, r5
100007a8:	429e      	cmp	r6, r3
100007aa:	d201      	bcs.n	100007b0 <alarm_pool_irq_handler+0x2c8>
100007ac:	6110      	str	r0, [r2, #16]
100007ae:	e731      	b.n	10000614 <alarm_pool_irq_handler+0x12c>
100007b0:	2301      	movs	r3, #1
100007b2:	9d03      	ldr	r5, [sp, #12]
100007b4:	6a24      	ldr	r4, [r4, #32]
100007b6:	40ab      	lsls	r3, r5
100007b8:	421c      	tst	r4, r3
100007ba:	d000      	beq.n	100007be <alarm_pool_irq_handler+0x2d6>
100007bc:	e72a      	b.n	10000614 <alarm_pool_irq_handler+0x12c>
100007be:	6110      	str	r0, [r2, #16]
100007c0:	e728      	b.n	10000614 <alarm_pool_irq_handler+0x12c>
100007c2:	46c0      	nop			@ (mov r8, r8)
100007c4:	200005a0 	.word	0x200005a0
100007c8:	4005703c 	.word	0x4005703c
100007cc:	40054000 	.word	0x40054000
100007d0:	428a      	cmp	r2, r1
100007d2:	d101      	bne.n	100007d8 <alarm_pool_irq_handler+0x2f0>
100007d4:	4287      	cmp	r7, r0
100007d6:	d89e      	bhi.n	10000716 <alarm_pool_irq_handler+0x22e>
100007d8:	4645      	mov	r5, r8
100007da:	812b      	strh	r3, [r5, #8]
100007dc:	3508      	adds	r5, #8
100007de:	e005      	b.n	100007ec <alarm_pool_irq_handler+0x304>
100007e0:	005e      	lsls	r6, r3, #1
100007e2:	18f2      	adds	r2, r6, r3
100007e4:	00d2      	lsls	r2, r2, #3
100007e6:	18a2      	adds	r2, r4, r2
100007e8:	6897      	ldr	r7, [r2, #8]
100007ea:	68d2      	ldr	r2, [r2, #12]
100007ec:	428a      	cmp	r2, r1
100007ee:	dc06      	bgt.n	100007fe <alarm_pool_irq_handler+0x316>
100007f0:	d00a      	beq.n	10000808 <alarm_pool_irq_handler+0x320>
100007f2:	18f3      	adds	r3, r6, r3
100007f4:	00db      	lsls	r3, r3, #3
100007f6:	18e5      	adds	r5, r4, r3
100007f8:	5ee3      	ldrsh	r3, [r4, r3]
100007fa:	2b00      	cmp	r3, #0
100007fc:	daf0      	bge.n	100007e0 <alarm_pool_irq_handler+0x2f8>
100007fe:	465a      	mov	r2, fp
10000800:	8013      	strh	r3, [r2, #0]
10000802:	4653      	mov	r3, sl
10000804:	802b      	strh	r3, [r5, #0]
10000806:	e786      	b.n	10000716 <alarm_pool_irq_handler+0x22e>
10000808:	4287      	cmp	r7, r0
1000080a:	d9f2      	bls.n	100007f2 <alarm_pool_irq_handler+0x30a>
1000080c:	e7f7      	b.n	100007fe <alarm_pool_irq_handler+0x316>
1000080e:	46c0      	nop			@ (mov r8, r8)

10000810 <runtime_init_default_alarm_pool>:
10000810:	b570      	push	{r4, r5, r6, lr}
10000812:	4c2b      	ldr	r4, [pc, #172]	@ (100008c0 <runtime_init_default_alarm_pool+0xb0>)
10000814:	6925      	ldr	r5, [r4, #16]
10000816:	2d00      	cmp	r5, #0
10000818:	d000      	beq.n	1000081c <runtime_init_default_alarm_pool+0xc>
1000081a:	bd70      	pop	{r4, r5, r6, pc}
1000081c:	4e29      	ldr	r6, [pc, #164]	@ (100008c4 <runtime_init_default_alarm_pool+0xb4>)
1000081e:	2103      	movs	r1, #3
10000820:	4828      	ldr	r0, [pc, #160]	@ (100008c4 <runtime_init_default_alarm_pool+0xb4>)
10000822:	f000 f9e7 	bl	10000bf4 <timer_hardware_alarm_claim>
10000826:	60e6      	str	r6, [r4, #12]
10000828:	f7ff fdb0 	bl	1000038c <next_striped_spin_lock_num>
1000082c:	4b26      	ldr	r3, [pc, #152]	@ (100008c8 <runtime_init_default_alarm_pool+0xb8>)
1000082e:	2203      	movs	r2, #3
10000830:	18c0      	adds	r0, r0, r3
10000832:	23d0      	movs	r3, #208	@ 0xd0
10000834:	7022      	strb	r2, [r4, #0]
10000836:	061b      	lsls	r3, r3, #24
10000838:	681b      	ldr	r3, [r3, #0]
1000083a:	2101      	movs	r1, #1
1000083c:	7063      	strb	r3, [r4, #1]
1000083e:	4b23      	ldr	r3, [pc, #140]	@ (100008cc <runtime_init_default_alarm_pool+0xbc>)
10000840:	0080      	lsls	r0, r0, #2
10000842:	60a3      	str	r3, [r4, #8]
10000844:	230f      	movs	r3, #15
10000846:	6120      	str	r0, [r4, #16]
10000848:	2002      	movs	r0, #2
1000084a:	8063      	strh	r3, [r4, #2]
1000084c:	6963      	ldr	r3, [r4, #20]
1000084e:	4249      	negs	r1, r1
10000850:	80a1      	strh	r1, [r4, #4]
10000852:	8019      	strh	r1, [r3, #0]
10000854:	3102      	adds	r1, #2
10000856:	8619      	strh	r1, [r3, #48]	@ 0x30
10000858:	3147      	adds	r1, #71	@ 0x47
1000085a:	831d      	strh	r5, [r3, #24]
1000085c:	5258      	strh	r0, [r3, r1]
1000085e:	3118      	adds	r1, #24
10000860:	525a      	strh	r2, [r3, r1]
10000862:	3275      	adds	r2, #117	@ 0x75
10000864:	395c      	subs	r1, #92	@ 0x5c
10000866:	5299      	strh	r1, [r3, r2]
10000868:	3218      	adds	r2, #24
1000086a:	3101      	adds	r1, #1
1000086c:	5299      	strh	r1, [r3, r2]
1000086e:	3218      	adds	r2, #24
10000870:	3101      	adds	r1, #1
10000872:	5299      	strh	r1, [r3, r2]
10000874:	3218      	adds	r2, #24
10000876:	3101      	adds	r1, #1
10000878:	5299      	strh	r1, [r3, r2]
1000087a:	3508      	adds	r5, #8
1000087c:	3218      	adds	r2, #24
1000087e:	529d      	strh	r5, [r3, r2]
10000880:	3102      	adds	r1, #2
10000882:	3218      	adds	r2, #24
10000884:	5299      	strh	r1, [r3, r2]
10000886:	3218      	adds	r2, #24
10000888:	3101      	adds	r1, #1
1000088a:	5299      	strh	r1, [r3, r2]
1000088c:	3218      	adds	r2, #24
1000088e:	3101      	adds	r1, #1
10000890:	5299      	strh	r1, [r3, r2]
10000892:	3218      	adds	r2, #24
10000894:	3101      	adds	r1, #1
10000896:	5299      	strh	r1, [r3, r2]
10000898:	3218      	adds	r2, #24
1000089a:	3101      	adds	r1, #1
1000089c:	5299      	strh	r1, [r3, r2]
1000089e:	3218      	adds	r2, #24
100008a0:	3101      	adds	r1, #1
100008a2:	5299      	strh	r1, [r3, r2]
100008a4:	4b0a      	ldr	r3, [pc, #40]	@ (100008d0 <runtime_init_default_alarm_pool+0xc0>)
100008a6:	490b      	ldr	r1, [pc, #44]	@ (100008d4 <runtime_init_default_alarm_pool+0xc4>)
100008a8:	60dc      	str	r4, [r3, #12]
100008aa:	3001      	adds	r0, #1
100008ac:	6235      	str	r5, [r6, #32]
100008ae:	f7ff fdbd 	bl	1000042c <irq_set_exclusive_handler>
100008b2:	2101      	movs	r1, #1
100008b4:	2003      	movs	r0, #3
100008b6:	f7ff fda7 	bl	10000408 <irq_set_enabled>
100008ba:	4b07      	ldr	r3, [pc, #28]	@ (100008d8 <runtime_init_default_alarm_pool+0xc8>)
100008bc:	601d      	str	r5, [r3, #0]
100008be:	e7ac      	b.n	1000081a <runtime_init_default_alarm_pool+0xa>
100008c0:	2000019c 	.word	0x2000019c
100008c4:	40054000 	.word	0x40054000
100008c8:	34000040 	.word	0x34000040
100008cc:	0010ffff 	.word	0x0010ffff
100008d0:	200005a0 	.word	0x200005a0
100008d4:	100004e9 	.word	0x100004e9
100008d8:	40056038 	.word	0x40056038

100008dc <alarm_pool_add_alarm_at_force_in_context>:
100008dc:	b570      	push	{r4, r5, r6, lr}
100008de:	b082      	sub	sp, #8
100008e0:	9200      	str	r2, [sp, #0]
100008e2:	9301      	str	r3, [sp, #4]
100008e4:	0001      	movs	r1, r0
100008e6:	6902      	ldr	r2, [r0, #16]
100008e8:	f3ef 8410 	mrs	r4, PRIMASK
100008ec:	b672      	cpsid	i
100008ee:	6813      	ldr	r3, [r2, #0]
100008f0:	2b00      	cmp	r3, #0
100008f2:	d0fc      	beq.n	100008ee <alarm_pool_add_alarm_at_force_in_context+0x12>
100008f4:	f3bf 8f5f 	dmb	sy
100008f8:	2302      	movs	r3, #2
100008fa:	5ec8      	ldrsh	r0, [r1, r3]
100008fc:	690d      	ldr	r5, [r1, #16]
100008fe:	2800      	cmp	r0, #0
10000900:	db3f      	blt.n	10000982 <alarm_pool_add_alarm_at_force_in_context+0xa6>
10000902:	694a      	ldr	r2, [r1, #20]
10000904:	0043      	lsls	r3, r0, #1
10000906:	0016      	movs	r6, r2
10000908:	181b      	adds	r3, r3, r0
1000090a:	00db      	lsls	r3, r3, #3
1000090c:	18d2      	adds	r2, r2, r3
1000090e:	5af3      	ldrh	r3, [r6, r3]
10000910:	804b      	strh	r3, [r1, #2]
10000912:	f3bf 8f5f 	dmb	sy
10000916:	2300      	movs	r3, #0
10000918:	602b      	str	r3, [r5, #0]
1000091a:	f384 8810 	msr	PRIMASK, r4
1000091e:	9b06      	ldr	r3, [sp, #24]
10000920:	6113      	str	r3, [r2, #16]
10000922:	9b07      	ldr	r3, [sp, #28]
10000924:	6153      	str	r3, [r2, #20]
10000926:	9b00      	ldr	r3, [sp, #0]
10000928:	9c01      	ldr	r4, [sp, #4]
1000092a:	6093      	str	r3, [r2, #8]
1000092c:	60d4      	str	r4, [r2, #12]
1000092e:	8853      	ldrh	r3, [r2, #2]
10000930:	3301      	adds	r3, #1
10000932:	045b      	lsls	r3, r3, #17
10000934:	0c5b      	lsrs	r3, r3, #17
10000936:	1c1d      	adds	r5, r3, #0
10000938:	2b00      	cmp	r3, #0
1000093a:	d020      	beq.n	1000097e <alarm_pool_add_alarm_at_force_in_context+0xa2>
1000093c:	b2ac      	uxth	r4, r5
1000093e:	0403      	lsls	r3, r0, #16
10000940:	8055      	strh	r5, [r2, #2]
10000942:	4323      	orrs	r3, r4
10000944:	690d      	ldr	r5, [r1, #16]
10000946:	f3ef 8c10 	mrs	ip, PRIMASK
1000094a:	b672      	cpsid	i
1000094c:	682c      	ldr	r4, [r5, #0]
1000094e:	2c00      	cmp	r4, #0
10000950:	d0fc      	beq.n	1000094c <alarm_pool_add_alarm_at_force_in_context+0x70>
10000952:	f3bf 8f5f 	dmb	sy
10000956:	888c      	ldrh	r4, [r1, #4]
10000958:	8014      	strh	r4, [r2, #0]
1000095a:	8088      	strh	r0, [r1, #4]
1000095c:	690a      	ldr	r2, [r1, #16]
1000095e:	f3bf 8f5f 	dmb	sy
10000962:	2000      	movs	r0, #0
10000964:	6010      	str	r0, [r2, #0]
10000966:	f38c 8810 	msr	PRIMASK, ip
1000096a:	780a      	ldrb	r2, [r1, #0]
1000096c:	3001      	adds	r0, #1
1000096e:	4090      	lsls	r0, r2
10000970:	68ca      	ldr	r2, [r1, #12]
10000972:	4908      	ldr	r1, [pc, #32]	@ (10000994 <alarm_pool_add_alarm_at_force_in_context+0xb8>)
10000974:	1852      	adds	r2, r2, r1
10000976:	6010      	str	r0, [r2, #0]
10000978:	0018      	movs	r0, r3
1000097a:	b002      	add	sp, #8
1000097c:	bd70      	pop	{r4, r5, r6, pc}
1000097e:	2501      	movs	r5, #1
10000980:	e7dc      	b.n	1000093c <alarm_pool_add_alarm_at_force_in_context+0x60>
10000982:	f3bf 8f5f 	dmb	sy
10000986:	2300      	movs	r3, #0
10000988:	602b      	str	r3, [r5, #0]
1000098a:	f384 8810 	msr	PRIMASK, r4
1000098e:	3b01      	subs	r3, #1
10000990:	e7f2      	b.n	10000978 <alarm_pool_add_alarm_at_force_in_context+0x9c>
10000992:	46c0      	nop			@ (mov r8, r8)
10000994:	0000203c 	.word	0x0000203c

10000998 <alarm_pool_cancel_alarm>:
10000998:	b510      	push	{r4, lr}
1000099a:	8943      	ldrh	r3, [r0, #10]
1000099c:	140a      	asrs	r2, r1, #16
1000099e:	4293      	cmp	r3, r2
100009a0:	dd1a      	ble.n	100009d8 <alarm_pool_cancel_alarm+0x40>
100009a2:	0053      	lsls	r3, r2, #1
100009a4:	189b      	adds	r3, r3, r2
100009a6:	6942      	ldr	r2, [r0, #20]
100009a8:	00db      	lsls	r3, r3, #3
100009aa:	18d3      	adds	r3, r2, r3
100009ac:	6904      	ldr	r4, [r0, #16]
100009ae:	f3ef 8c10 	mrs	ip, PRIMASK
100009b2:	b672      	cpsid	i
100009b4:	6822      	ldr	r2, [r4, #0]
100009b6:	2a00      	cmp	r2, #0
100009b8:	d0fc      	beq.n	100009b4 <alarm_pool_cancel_alarm+0x1c>
100009ba:	f3bf 8f5f 	dmb	sy
100009be:	885a      	ldrh	r2, [r3, #2]
100009c0:	0409      	lsls	r1, r1, #16
100009c2:	b294      	uxth	r4, r2
100009c4:	0c09      	lsrs	r1, r1, #16
100009c6:	428a      	cmp	r2, r1
100009c8:	d008      	beq.n	100009dc <alarm_pool_cancel_alarm+0x44>
100009ca:	6903      	ldr	r3, [r0, #16]
100009cc:	f3bf 8f5f 	dmb	sy
100009d0:	2200      	movs	r2, #0
100009d2:	601a      	str	r2, [r3, #0]
100009d4:	f38c 8810 	msr	PRIMASK, ip
100009d8:	2000      	movs	r0, #0
100009da:	bd10      	pop	{r4, pc}
100009dc:	4a09      	ldr	r2, [pc, #36]	@ (10000a04 <alarm_pool_cancel_alarm+0x6c>)
100009de:	4322      	orrs	r2, r4
100009e0:	805a      	strh	r2, [r3, #2]
100009e2:	2301      	movs	r3, #1
100009e4:	6902      	ldr	r2, [r0, #16]
100009e6:	7183      	strb	r3, [r0, #6]
100009e8:	f3bf 8f5f 	dmb	sy
100009ec:	2100      	movs	r1, #0
100009ee:	6011      	str	r1, [r2, #0]
100009f0:	f38c 8810 	msr	PRIMASK, ip
100009f4:	7802      	ldrb	r2, [r0, #0]
100009f6:	4904      	ldr	r1, [pc, #16]	@ (10000a08 <alarm_pool_cancel_alarm+0x70>)
100009f8:	4093      	lsls	r3, r2
100009fa:	68c2      	ldr	r2, [r0, #12]
100009fc:	2001      	movs	r0, #1
100009fe:	1852      	adds	r2, r2, r1
10000a00:	6013      	str	r3, [r2, #0]
10000a02:	e7ea      	b.n	100009da <alarm_pool_cancel_alarm+0x42>
10000a04:	ffff8000 	.word	0xffff8000
10000a08:	0000203c 	.word	0x0000203c

10000a0c <sleep_ms>:
10000a0c:	b5f0      	push	{r4, r5, r6, r7, lr}
10000a0e:	b083      	sub	sp, #12
10000a10:	0004      	movs	r4, r0
10000a12:	f000 f901 	bl	10000c18 <time_us_64>
10000a16:	22fa      	movs	r2, #250	@ 0xfa
10000a18:	0006      	movs	r6, r0
10000a1a:	000f      	movs	r7, r1
10000a1c:	0020      	movs	r0, r4
10000a1e:	2300      	movs	r3, #0
10000a20:	2100      	movs	r1, #0
10000a22:	0092      	lsls	r2, r2, #2
10000a24:	f000 fc5e 	bl	100012e4 <__wrap___aeabi_lmul>
10000a28:	1980      	adds	r0, r0, r6
10000a2a:	4179      	adcs	r1, r7
10000a2c:	0004      	movs	r4, r0
10000a2e:	1e0d      	subs	r5, r1, #0
10000a30:	da02      	bge.n	10000a38 <sleep_ms+0x2c>
10000a32:	2401      	movs	r4, #1
10000a34:	4d23      	ldr	r5, [pc, #140]	@ (10000ac4 <sleep_ms+0xb8>)
10000a36:	4264      	negs	r4, r4
10000a38:	2606      	movs	r6, #6
10000a3a:	4276      	negs	r6, r6
10000a3c:	17f7      	asrs	r7, r6, #31
10000a3e:	1936      	adds	r6, r6, r4
10000a40:	416f      	adcs	r7, r5
10000a42:	42af      	cmp	r7, r5
10000a44:	d812      	bhi.n	10000a6c <sleep_ms+0x60>
10000a46:	d00f      	beq.n	10000a68 <sleep_ms+0x5c>
10000a48:	f000 f8e6 	bl	10000c18 <time_us_64>
10000a4c:	0032      	movs	r2, r6
10000a4e:	003b      	movs	r3, r7
10000a50:	1a12      	subs	r2, r2, r0
10000a52:	418b      	sbcs	r3, r1
10000a54:	2b00      	cmp	r3, #0
10000a56:	dc13      	bgt.n	10000a80 <sleep_ms+0x74>
10000a58:	2b00      	cmp	r3, #0
10000a5a:	d030      	beq.n	10000abe <sleep_ms+0xb2>
10000a5c:	0020      	movs	r0, r4
10000a5e:	0029      	movs	r1, r5
10000a60:	f000 f8e4 	bl	10000c2c <busy_wait_until>
10000a64:	b003      	add	sp, #12
10000a66:	bdf0      	pop	{r4, r5, r6, r7, pc}
10000a68:	42a6      	cmp	r6, r4
10000a6a:	d9ed      	bls.n	10000a48 <sleep_ms+0x3c>
10000a6c:	2600      	movs	r6, #0
10000a6e:	2700      	movs	r7, #0
10000a70:	f000 f8d2 	bl	10000c18 <time_us_64>
10000a74:	0032      	movs	r2, r6
10000a76:	003b      	movs	r3, r7
10000a78:	1a12      	subs	r2, r2, r0
10000a7a:	418b      	sbcs	r3, r1
10000a7c:	2b00      	cmp	r3, #0
10000a7e:	ddeb      	ble.n	10000a58 <sleep_ms+0x4c>
10000a80:	f000 f8ca 	bl	10000c18 <time_us_64>
10000a84:	0032      	movs	r2, r6
10000a86:	003b      	movs	r3, r7
10000a88:	1a12      	subs	r2, r2, r0
10000a8a:	418b      	sbcs	r3, r1
10000a8c:	2b00      	cmp	r3, #0
10000a8e:	db0a      	blt.n	10000aa6 <sleep_ms+0x9a>
10000a90:	2300      	movs	r3, #0
10000a92:	9301      	str	r3, [sp, #4]
10000a94:	4b0c      	ldr	r3, [pc, #48]	@ (10000ac8 <sleep_ms+0xbc>)
10000a96:	0032      	movs	r2, r6
10000a98:	9300      	str	r3, [sp, #0]
10000a9a:	480c      	ldr	r0, [pc, #48]	@ (10000acc <sleep_ms+0xc0>)
10000a9c:	003b      	movs	r3, r7
10000a9e:	f7ff ff1d 	bl	100008dc <alarm_pool_add_alarm_at_force_in_context>
10000aa2:	3001      	adds	r0, #1
10000aa4:	d0da      	beq.n	10000a5c <sleep_ms+0x50>
10000aa6:	0039      	movs	r1, r7
10000aa8:	4a09      	ldr	r2, [pc, #36]	@ (10000ad0 <sleep_ms+0xc4>)
10000aaa:	6a53      	ldr	r3, [r2, #36]	@ 0x24
10000aac:	4299      	cmp	r1, r3
10000aae:	d804      	bhi.n	10000aba <sleep_ms+0xae>
10000ab0:	6a90      	ldr	r0, [r2, #40]	@ 0x28
10000ab2:	42b0      	cmp	r0, r6
10000ab4:	d2d2      	bcs.n	10000a5c <sleep_ms+0x50>
10000ab6:	4299      	cmp	r1, r3
10000ab8:	d1d0      	bne.n	10000a5c <sleep_ms+0x50>
10000aba:	bf20      	wfe
10000abc:	e7f5      	b.n	10000aaa <sleep_ms+0x9e>
10000abe:	2a00      	cmp	r2, #0
10000ac0:	d0cc      	beq.n	10000a5c <sleep_ms+0x50>
10000ac2:	e7dd      	b.n	10000a80 <sleep_ms+0x74>
10000ac4:	7fffffff 	.word	0x7fffffff
10000ac8:	100004e1 	.word	0x100004e1
10000acc:	2000019c 	.word	0x2000019c
10000ad0:	40054000 	.word	0x40054000

10000ad4 <best_effort_wfe_or_timeout>:
10000ad4:	b5f0      	push	{r4, r5, r6, r7, lr}
10000ad6:	46ce      	mov	lr, r9
10000ad8:	4647      	mov	r7, r8
10000ada:	b580      	push	{r7, lr}
10000adc:	0004      	movs	r4, r0
10000ade:	000d      	movs	r5, r1
10000ae0:	b085      	sub	sp, #20
10000ae2:	f3ef 8605 	mrs	r6, IPSR
10000ae6:	4689      	mov	r9, r1
10000ae8:	2e00      	cmp	r6, #0
10000aea:	d010      	beq.n	10000b0e <best_effort_wfe_or_timeout+0x3a>
10000aec:	493e      	ldr	r1, [pc, #248]	@ (10000be8 <best_effort_wfe_or_timeout+0x114>)
10000aee:	2000      	movs	r0, #0
10000af0:	6a4b      	ldr	r3, [r1, #36]	@ 0x24
10000af2:	42ab      	cmp	r3, r5
10000af4:	d306      	bcc.n	10000b04 <best_effort_wfe_or_timeout+0x30>
10000af6:	6a8a      	ldr	r2, [r1, #40]	@ 0x28
10000af8:	1b5b      	subs	r3, r3, r5
10000afa:	1e59      	subs	r1, r3, #1
10000afc:	418b      	sbcs	r3, r1
10000afe:	42a2      	cmp	r2, r4
10000b00:	4140      	adcs	r0, r0
10000b02:	4318      	orrs	r0, r3
10000b04:	b005      	add	sp, #20
10000b06:	bcc0      	pop	{r6, r7}
10000b08:	46b9      	mov	r9, r7
10000b0a:	46b0      	mov	r8, r6
10000b0c:	bdf0      	pop	{r4, r5, r6, r7, pc}
10000b0e:	4f37      	ldr	r7, [pc, #220]	@ (10000bec <best_effort_wfe_or_timeout+0x118>)
10000b10:	68fb      	ldr	r3, [r7, #12]
10000b12:	783a      	ldrb	r2, [r7, #0]
10000b14:	4698      	mov	r8, r3
10000b16:	0018      	movs	r0, r3
10000b18:	9203      	str	r2, [sp, #12]
10000b1a:	f000 f875 	bl	10000c08 <timer_time_us_64>
10000b1e:	9a03      	ldr	r2, [sp, #12]
10000b20:	1d13      	adds	r3, r2, #4
10000b22:	4642      	mov	r2, r8
10000b24:	009b      	lsls	r3, r3, #2
10000b26:	589b      	ldr	r3, [r3, r2]
10000b28:	0022      	movs	r2, r4
10000b2a:	1a1b      	subs	r3, r3, r0
10000b2c:	469c      	mov	ip, r3
10000b2e:	002b      	movs	r3, r5
10000b30:	1a12      	subs	r2, r2, r0
10000b32:	418b      	sbcs	r3, r1
10000b34:	429e      	cmp	r6, r3
10000b36:	dc1a      	bgt.n	10000b6e <best_effort_wfe_or_timeout+0x9a>
10000b38:	d017      	beq.n	10000b6a <best_effort_wfe_or_timeout+0x96>
10000b3a:	4b2b      	ldr	r3, [pc, #172]	@ (10000be8 <best_effort_wfe_or_timeout+0x114>)
10000b3c:	6a5a      	ldr	r2, [r3, #36]	@ 0x24
10000b3e:	454a      	cmp	r2, r9
10000b40:	d305      	bcc.n	10000b4e <best_effort_wfe_or_timeout+0x7a>
10000b42:	6a9b      	ldr	r3, [r3, #40]	@ 0x28
10000b44:	2001      	movs	r0, #1
10000b46:	42a3      	cmp	r3, r4
10000b48:	d2dc      	bcs.n	10000b04 <best_effort_wfe_or_timeout+0x30>
10000b4a:	454a      	cmp	r2, r9
10000b4c:	d1da      	bne.n	10000b04 <best_effort_wfe_or_timeout+0x30>
10000b4e:	bf20      	wfe
10000b50:	4b25      	ldr	r3, [pc, #148]	@ (10000be8 <best_effort_wfe_or_timeout+0x114>)
10000b52:	6a58      	ldr	r0, [r3, #36]	@ 0x24
10000b54:	4548      	cmp	r0, r9
10000b56:	d33c      	bcc.n	10000bd2 <best_effort_wfe_or_timeout+0xfe>
10000b58:	1b40      	subs	r0, r0, r5
10000b5a:	6a9a      	ldr	r2, [r3, #40]	@ 0x28
10000b5c:	1e43      	subs	r3, r0, #1
10000b5e:	4198      	sbcs	r0, r3
10000b60:	2300      	movs	r3, #0
10000b62:	42a2      	cmp	r2, r4
10000b64:	415b      	adcs	r3, r3
10000b66:	4318      	orrs	r0, r3
10000b68:	e7cc      	b.n	10000b04 <best_effort_wfe_or_timeout+0x30>
10000b6a:	4594      	cmp	ip, r2
10000b6c:	d9e5      	bls.n	10000b3a <best_effort_wfe_or_timeout+0x66>
10000b6e:	f000 f853 	bl	10000c18 <time_us_64>
10000b72:	0022      	movs	r2, r4
10000b74:	002b      	movs	r3, r5
10000b76:	1a12      	subs	r2, r2, r0
10000b78:	418b      	sbcs	r3, r1
10000b7a:	2b00      	cmp	r3, #0
10000b7c:	db25      	blt.n	10000bca <best_effort_wfe_or_timeout+0xf6>
10000b7e:	2300      	movs	r3, #0
10000b80:	9301      	str	r3, [sp, #4]
10000b82:	4b1b      	ldr	r3, [pc, #108]	@ (10000bf0 <best_effort_wfe_or_timeout+0x11c>)
10000b84:	0022      	movs	r2, r4
10000b86:	9300      	str	r3, [sp, #0]
10000b88:	0038      	movs	r0, r7
10000b8a:	002b      	movs	r3, r5
10000b8c:	f7ff fea6 	bl	100008dc <alarm_pool_add_alarm_at_force_in_context>
10000b90:	2800      	cmp	r0, #0
10000b92:	dd1a      	ble.n	10000bca <best_effort_wfe_or_timeout+0xf6>
10000b94:	4b14      	ldr	r3, [pc, #80]	@ (10000be8 <best_effort_wfe_or_timeout+0x114>)
10000b96:	6a5a      	ldr	r2, [r3, #36]	@ 0x24
10000b98:	454a      	cmp	r2, r9
10000b9a:	d304      	bcc.n	10000ba6 <best_effort_wfe_or_timeout+0xd2>
10000b9c:	6a9b      	ldr	r3, [r3, #40]	@ 0x28
10000b9e:	42a3      	cmp	r3, r4
10000ba0:	d202      	bcs.n	10000ba8 <best_effort_wfe_or_timeout+0xd4>
10000ba2:	454a      	cmp	r2, r9
10000ba4:	d100      	bne.n	10000ba8 <best_effort_wfe_or_timeout+0xd4>
10000ba6:	bf20      	wfe
10000ba8:	0001      	movs	r1, r0
10000baa:	0038      	movs	r0, r7
10000bac:	f7ff fef4 	bl	10000998 <alarm_pool_cancel_alarm>
10000bb0:	4a0d      	ldr	r2, [pc, #52]	@ (10000be8 <best_effort_wfe_or_timeout+0x114>)
10000bb2:	2000      	movs	r0, #0
10000bb4:	6a53      	ldr	r3, [r2, #36]	@ 0x24
10000bb6:	454b      	cmp	r3, r9
10000bb8:	d3a4      	bcc.n	10000b04 <best_effort_wfe_or_timeout+0x30>
10000bba:	6a92      	ldr	r2, [r2, #40]	@ 0x28
10000bbc:	1b5b      	subs	r3, r3, r5
10000bbe:	1e59      	subs	r1, r3, #1
10000bc0:	418b      	sbcs	r3, r1
10000bc2:	42a2      	cmp	r2, r4
10000bc4:	4140      	adcs	r0, r0
10000bc6:	4318      	orrs	r0, r3
10000bc8:	e79c      	b.n	10000b04 <best_effort_wfe_or_timeout+0x30>
10000bca:	4a07      	ldr	r2, [pc, #28]	@ (10000be8 <best_effort_wfe_or_timeout+0x114>)
10000bcc:	6a53      	ldr	r3, [r2, #36]	@ 0x24
10000bce:	454b      	cmp	r3, r9
10000bd0:	d201      	bcs.n	10000bd6 <best_effort_wfe_or_timeout+0x102>
10000bd2:	2000      	movs	r0, #0
10000bd4:	e796      	b.n	10000b04 <best_effort_wfe_or_timeout+0x30>
10000bd6:	2000      	movs	r0, #0
10000bd8:	6a92      	ldr	r2, [r2, #40]	@ 0x28
10000bda:	1b5b      	subs	r3, r3, r5
10000bdc:	42a2      	cmp	r2, r4
10000bde:	4140      	adcs	r0, r0
10000be0:	1e5a      	subs	r2, r3, #1
10000be2:	4193      	sbcs	r3, r2
10000be4:	4318      	orrs	r0, r3
10000be6:	e78d      	b.n	10000b04 <best_effort_wfe_or_timeout+0x30>
10000be8:	40054000 	.word	0x40054000
10000bec:	2000019c 	.word	0x2000019c
10000bf0:	100004e1 	.word	0x100004e1

10000bf4 <timer_hardware_alarm_claim>:
10000bf4:	b510      	push	{r4, lr}
10000bf6:	4a02      	ldr	r2, [pc, #8]	@ (10000c00 <timer_hardware_alarm_claim+0xc>)
10000bf8:	4802      	ldr	r0, [pc, #8]	@ (10000c04 <timer_hardware_alarm_claim+0x10>)
10000bfa:	f7ff fb9f 	bl	1000033c <hw_claim_or_assert>
10000bfe:	bd10      	pop	{r4, pc}
10000c00:	10001784 	.word	0x10001784
10000c04:	20000568 	.word	0x20000568

10000c08 <timer_time_us_64>:
10000c08:	0003      	movs	r3, r0
10000c0a:	6a41      	ldr	r1, [r0, #36]	@ 0x24
10000c0c:	000a      	movs	r2, r1
10000c0e:	6a98      	ldr	r0, [r3, #40]	@ 0x28
10000c10:	6a59      	ldr	r1, [r3, #36]	@ 0x24
10000c12:	428a      	cmp	r2, r1
10000c14:	d1fa      	bne.n	10000c0c <timer_time_us_64+0x4>
10000c16:	4770      	bx	lr

10000c18 <time_us_64>:
10000c18:	4b03      	ldr	r3, [pc, #12]	@ (10000c28 <time_us_64+0x10>)
10000c1a:	6a59      	ldr	r1, [r3, #36]	@ 0x24
10000c1c:	000a      	movs	r2, r1
10000c1e:	6a98      	ldr	r0, [r3, #40]	@ 0x28
10000c20:	6a59      	ldr	r1, [r3, #36]	@ 0x24
10000c22:	4291      	cmp	r1, r2
10000c24:	d1fa      	bne.n	10000c1c <time_us_64+0x4>
10000c26:	4770      	bx	lr
10000c28:	40054000 	.word	0x40054000

10000c2c <busy_wait_until>:
10000c2c:	4a06      	ldr	r2, [pc, #24]	@ (10000c48 <busy_wait_until+0x1c>)
10000c2e:	6a53      	ldr	r3, [r2, #36]	@ 0x24
10000c30:	4299      	cmp	r1, r3
10000c32:	d8fc      	bhi.n	10000c2e <busy_wait_until+0x2>
10000c34:	d107      	bne.n	10000c46 <busy_wait_until+0x1a>
10000c36:	4b04      	ldr	r3, [pc, #16]	@ (10000c48 <busy_wait_until+0x1c>)
10000c38:	e002      	b.n	10000c40 <busy_wait_until+0x14>
10000c3a:	6a5a      	ldr	r2, [r3, #36]	@ 0x24
10000c3c:	4291      	cmp	r1, r2
10000c3e:	d102      	bne.n	10000c46 <busy_wait_until+0x1a>
10000c40:	6a9a      	ldr	r2, [r3, #40]	@ 0x28
10000c42:	4290      	cmp	r0, r2
10000c44:	d8f9      	bhi.n	10000c3a <busy_wait_until+0xe>
10000c46:	4770      	bx	lr
10000c48:	40054000 	.word	0x40054000

10000c4c <clock_configure_int_divider>:
10000c4c:	b5f8      	push	{r3, r4, r5, r6, r7, lr}
10000c4e:	46de      	mov	lr, fp
10000c50:	464e      	mov	r6, r9
10000c52:	4645      	mov	r5, r8
10000c54:	4657      	mov	r7, sl
10000c56:	b5e0      	push	{r5, r6, r7, lr}
10000c58:	0005      	movs	r5, r0
10000c5a:	468b      	mov	fp, r1
10000c5c:	0018      	movs	r0, r3
10000c5e:	990a      	ldr	r1, [sp, #40]	@ 0x28
10000c60:	4691      	mov	r9, r2
10000c62:	f000 fab1 	bl	100011c8 <__wrap___aeabi_uidiv>
10000c66:	9b0a      	ldr	r3, [sp, #40]	@ 0x28
10000c68:	006c      	lsls	r4, r5, #1
10000c6a:	021e      	lsls	r6, r3, #8
10000c6c:	1964      	adds	r4, r4, r5
10000c6e:	4b30      	ldr	r3, [pc, #192]	@ (10000d30 <clock_configure_int_divider+0xe4>)
10000c70:	00a4      	lsls	r4, r4, #2
10000c72:	18e4      	adds	r4, r4, r3
10000c74:	6863      	ldr	r3, [r4, #4]
10000c76:	4680      	mov	r8, r0
10000c78:	429e      	cmp	r6, r3
10000c7a:	d900      	bls.n	10000c7e <clock_configure_int_divider+0x32>
10000c7c:	6066      	str	r6, [r4, #4]
10000c7e:	1f2f      	subs	r7, r5, #4
10000c80:	b2fb      	uxtb	r3, r7
10000c82:	469a      	mov	sl, r3
10000c84:	2b01      	cmp	r3, #1
10000c86:	d92f      	bls.n	10000ce8 <clock_configure_int_divider+0x9c>
10000c88:	23c0      	movs	r3, #192	@ 0xc0
10000c8a:	2280      	movs	r2, #128	@ 0x80
10000c8c:	4f29      	ldr	r7, [pc, #164]	@ (10000d34 <clock_configure_int_divider+0xe8>)
10000c8e:	00ad      	lsls	r5, r5, #2
10000c90:	019b      	lsls	r3, r3, #6
10000c92:	5979      	ldr	r1, [r7, r5]
10000c94:	0112      	lsls	r2, r2, #4
10000c96:	18e3      	adds	r3, r4, r3
10000c98:	601a      	str	r2, [r3, #0]
10000c9a:	2900      	cmp	r1, #0
10000c9c:	d11b      	bne.n	10000cd6 <clock_configure_int_divider+0x8a>
10000c9e:	464b      	mov	r3, r9
10000ca0:	6822      	ldr	r2, [r4, #0]
10000ca2:	015b      	lsls	r3, r3, #5
10000ca4:	4053      	eors	r3, r2
10000ca6:	22e0      	movs	r2, #224	@ 0xe0
10000ca8:	4013      	ands	r3, r2
10000caa:	2280      	movs	r2, #128	@ 0x80
10000cac:	0152      	lsls	r2, r2, #5
10000cae:	18a2      	adds	r2, r4, r2
10000cb0:	6013      	str	r3, [r2, #0]
10000cb2:	4653      	mov	r3, sl
10000cb4:	2b01      	cmp	r3, #1
10000cb6:	d92f      	bls.n	10000d18 <clock_configure_int_divider+0xcc>
10000cb8:	2380      	movs	r3, #128	@ 0x80
10000cba:	2280      	movs	r2, #128	@ 0x80
10000cbc:	019b      	lsls	r3, r3, #6
10000cbe:	18e3      	adds	r3, r4, r3
10000cc0:	0112      	lsls	r2, r2, #4
10000cc2:	601a      	str	r2, [r3, #0]
10000cc4:	4643      	mov	r3, r8
10000cc6:	6066      	str	r6, [r4, #4]
10000cc8:	517b      	str	r3, [r7, r5]
10000cca:	bcf0      	pop	{r4, r5, r6, r7}
10000ccc:	46bb      	mov	fp, r7
10000cce:	46b2      	mov	sl, r6
10000cd0:	46a9      	mov	r9, r5
10000cd2:	46a0      	mov	r8, r4
10000cd4:	bdf8      	pop	{r3, r4, r5, r6, r7, pc}
10000cd6:	6978      	ldr	r0, [r7, #20]
10000cd8:	f000 fa76 	bl	100011c8 <__wrap___aeabi_uidiv>
10000cdc:	3001      	adds	r0, #1
10000cde:	0043      	lsls	r3, r0, #1
10000ce0:	181b      	adds	r3, r3, r0
10000ce2:	3b03      	subs	r3, #3
10000ce4:	d2fd      	bcs.n	10000ce2 <clock_configure_int_divider+0x96>
10000ce6:	e7da      	b.n	10000c9e <clock_configure_int_divider+0x52>
10000ce8:	465b      	mov	r3, fp
10000cea:	2b01      	cmp	r3, #1
10000cec:	d1cc      	bne.n	10000c88 <clock_configure_int_divider+0x3c>
10000cee:	23c0      	movs	r3, #192	@ 0xc0
10000cf0:	2203      	movs	r2, #3
10000cf2:	019b      	lsls	r3, r3, #6
10000cf4:	18e3      	adds	r3, r4, r3
10000cf6:	601a      	str	r2, [r3, #0]
10000cf8:	3a02      	subs	r2, #2
10000cfa:	68a3      	ldr	r3, [r4, #8]
10000cfc:	421a      	tst	r2, r3
10000cfe:	d0fc      	beq.n	10000cfa <clock_configure_int_divider+0xae>
10000d00:	464a      	mov	r2, r9
10000d02:	6823      	ldr	r3, [r4, #0]
10000d04:	0152      	lsls	r2, r2, #5
10000d06:	405a      	eors	r2, r3
10000d08:	23e0      	movs	r3, #224	@ 0xe0
10000d0a:	4013      	ands	r3, r2
10000d0c:	2280      	movs	r2, #128	@ 0x80
10000d0e:	0152      	lsls	r2, r2, #5
10000d10:	18a2      	adds	r2, r4, r2
10000d12:	4f08      	ldr	r7, [pc, #32]	@ (10000d34 <clock_configure_int_divider+0xe8>)
10000d14:	6013      	str	r3, [r2, #0]
10000d16:	00ad      	lsls	r5, r5, #2
10000d18:	4658      	mov	r0, fp
10000d1a:	2303      	movs	r3, #3
10000d1c:	6821      	ldr	r1, [r4, #0]
10000d1e:	4041      	eors	r1, r0
10000d20:	400b      	ands	r3, r1
10000d22:	6013      	str	r3, [r2, #0]
10000d24:	2201      	movs	r2, #1
10000d26:	4082      	lsls	r2, r0
10000d28:	68a3      	ldr	r3, [r4, #8]
10000d2a:	421a      	tst	r2, r3
10000d2c:	d0fc      	beq.n	10000d28 <clock_configure_int_divider+0xdc>
10000d2e:	e7c3      	b.n	10000cb8 <clock_configure_int_divider+0x6c>
10000d30:	40008000 	.word	0x40008000
10000d34:	2000056c 	.word	0x2000056c

10000d38 <clock_configure_undivided>:
10000d38:	b5f0      	push	{r4, r5, r6, r7, lr}
10000d3a:	46d6      	mov	lr, sl
10000d3c:	464f      	mov	r7, r9
10000d3e:	4646      	mov	r6, r8
10000d40:	0044      	lsls	r4, r0, #1
10000d42:	4698      	mov	r8, r3
10000d44:	1824      	adds	r4, r4, r0
10000d46:	4b32      	ldr	r3, [pc, #200]	@ (10000e10 <clock_configure_undivided+0xd8>)
10000d48:	00a4      	lsls	r4, r4, #2
10000d4a:	18e4      	adds	r4, r4, r3
10000d4c:	6863      	ldr	r3, [r4, #4]
10000d4e:	468a      	mov	sl, r1
10000d50:	4691      	mov	r9, r2
10000d52:	b5c0      	push	{r6, r7, lr}
10000d54:	2bff      	cmp	r3, #255	@ 0xff
10000d56:	d802      	bhi.n	10000d5e <clock_configure_undivided+0x26>
10000d58:	2380      	movs	r3, #128	@ 0x80
10000d5a:	005b      	lsls	r3, r3, #1
10000d5c:	6063      	str	r3, [r4, #4]
10000d5e:	1f06      	subs	r6, r0, #4
10000d60:	b2f6      	uxtb	r6, r6
10000d62:	2e01      	cmp	r6, #1
10000d64:	d92f      	bls.n	10000dc6 <clock_configure_undivided+0x8e>
10000d66:	23c0      	movs	r3, #192	@ 0xc0
10000d68:	2280      	movs	r2, #128	@ 0x80
10000d6a:	4f2a      	ldr	r7, [pc, #168]	@ (10000e14 <clock_configure_undivided+0xdc>)
10000d6c:	0085      	lsls	r5, r0, #2
10000d6e:	019b      	lsls	r3, r3, #6
10000d70:	5979      	ldr	r1, [r7, r5]
10000d72:	0112      	lsls	r2, r2, #4
10000d74:	18e3      	adds	r3, r4, r3
10000d76:	601a      	str	r2, [r3, #0]
10000d78:	2900      	cmp	r1, #0
10000d7a:	d11b      	bne.n	10000db4 <clock_configure_undivided+0x7c>
10000d7c:	464b      	mov	r3, r9
10000d7e:	6822      	ldr	r2, [r4, #0]
10000d80:	015b      	lsls	r3, r3, #5
10000d82:	4053      	eors	r3, r2
10000d84:	22e0      	movs	r2, #224	@ 0xe0
10000d86:	4013      	ands	r3, r2
10000d88:	2280      	movs	r2, #128	@ 0x80
10000d8a:	0152      	lsls	r2, r2, #5
10000d8c:	18a2      	adds	r2, r4, r2
10000d8e:	6013      	str	r3, [r2, #0]
10000d90:	2e01      	cmp	r6, #1
10000d92:	d930      	bls.n	10000df6 <clock_configure_undivided+0xbe>
10000d94:	2380      	movs	r3, #128	@ 0x80
10000d96:	2280      	movs	r2, #128	@ 0x80
10000d98:	019b      	lsls	r3, r3, #6
10000d9a:	18e3      	adds	r3, r4, r3
10000d9c:	0112      	lsls	r2, r2, #4
10000d9e:	601a      	str	r2, [r3, #0]
10000da0:	2380      	movs	r3, #128	@ 0x80
10000da2:	005b      	lsls	r3, r3, #1
10000da4:	6063      	str	r3, [r4, #4]
10000da6:	4643      	mov	r3, r8
10000da8:	517b      	str	r3, [r7, r5]
10000daa:	bce0      	pop	{r5, r6, r7}
10000dac:	46ba      	mov	sl, r7
10000dae:	46b1      	mov	r9, r6
10000db0:	46a8      	mov	r8, r5
10000db2:	bdf0      	pop	{r4, r5, r6, r7, pc}
10000db4:	6978      	ldr	r0, [r7, #20]
10000db6:	f000 fa07 	bl	100011c8 <__wrap___aeabi_uidiv>
10000dba:	3001      	adds	r0, #1
10000dbc:	0043      	lsls	r3, r0, #1
10000dbe:	181b      	adds	r3, r3, r0
10000dc0:	3b03      	subs	r3, #3
10000dc2:	d2fd      	bcs.n	10000dc0 <clock_configure_undivided+0x88>
10000dc4:	e7da      	b.n	10000d7c <clock_configure_undivided+0x44>
10000dc6:	4653      	mov	r3, sl
10000dc8:	2b01      	cmp	r3, #1
10000dca:	d1cc      	bne.n	10000d66 <clock_configure_undivided+0x2e>
10000dcc:	23c0      	movs	r3, #192	@ 0xc0
10000dce:	2203      	movs	r2, #3
10000dd0:	019b      	lsls	r3, r3, #6
10000dd2:	18e3      	adds	r3, r4, r3
10000dd4:	601a      	str	r2, [r3, #0]
10000dd6:	3a02      	subs	r2, #2
10000dd8:	68a3      	ldr	r3, [r4, #8]
10000dda:	421a      	tst	r2, r3
10000ddc:	d0fc      	beq.n	10000dd8 <clock_configure_undivided+0xa0>
10000dde:	464a      	mov	r2, r9
10000de0:	6823      	ldr	r3, [r4, #0]
10000de2:	0152      	lsls	r2, r2, #5
10000de4:	405a      	eors	r2, r3
10000de6:	23e0      	movs	r3, #224	@ 0xe0
10000de8:	4013      	ands	r3, r2
10000dea:	2280      	movs	r2, #128	@ 0x80
10000dec:	0152      	lsls	r2, r2, #5
10000dee:	18a2      	adds	r2, r4, r2
10000df0:	4f08      	ldr	r7, [pc, #32]	@ (10000e14 <clock_configure_undivided+0xdc>)
10000df2:	6013      	str	r3, [r2, #0]
10000df4:	0085      	lsls	r5, r0, #2
10000df6:	4650      	mov	r0, sl
10000df8:	2303      	movs	r3, #3
10000dfa:	6821      	ldr	r1, [r4, #0]
10000dfc:	4041      	eors	r1, r0
10000dfe:	400b      	ands	r3, r1
10000e00:	6013      	str	r3, [r2, #0]
10000e02:	2201      	movs	r2, #1
10000e04:	4082      	lsls	r2, r0
10000e06:	68a3      	ldr	r3, [r4, #8]
10000e08:	421a      	tst	r2, r3
10000e0a:	d0fc      	beq.n	10000e06 <clock_configure_undivided+0xce>
10000e0c:	e7c2      	b.n	10000d94 <clock_configure_undivided+0x5c>
10000e0e:	46c0      	nop			@ (mov r8, r8)
10000e10:	40008000 	.word	0x40008000
10000e14:	2000056c 	.word	0x2000056c

10000e18 <clock_get_hz>:
10000e18:	4b01      	ldr	r3, [pc, #4]	@ (10000e20 <clock_get_hz+0x8>)
10000e1a:	0080      	lsls	r0, r0, #2
10000e1c:	58c0      	ldr	r0, [r0, r3]
10000e1e:	4770      	bx	lr
10000e20:	2000056c 	.word	0x2000056c

10000e24 <pll_init>:
10000e24:	b5f0      	push	{r4, r5, r6, r7, lr}
10000e26:	46c6      	mov	lr, r8
10000e28:	0004      	movs	r4, r0
10000e2a:	b500      	push	{lr}
10000e2c:	4823      	ldr	r0, [pc, #140]	@ (10000ebc <pll_init+0x98>)
10000e2e:	0016      	movs	r6, r2
10000e30:	4698      	mov	r8, r3
10000e32:	000d      	movs	r5, r1
10000e34:	f000 f9c8 	bl	100011c8 <__wrap___aeabi_uidiv>
10000e38:	0001      	movs	r1, r0
10000e3a:	0030      	movs	r0, r6
10000e3c:	f000 f9c4 	bl	100011c8 <__wrap___aeabi_uidiv>
10000e40:	4643      	mov	r3, r8
10000e42:	9a06      	ldr	r2, [sp, #24]
10000e44:	041b      	lsls	r3, r3, #16
10000e46:	0312      	lsls	r2, r2, #12
10000e48:	4313      	orrs	r3, r2
10000e4a:	469c      	mov	ip, r3
10000e4c:	6823      	ldr	r3, [r4, #0]
10000e4e:	0006      	movs	r6, r0
10000e50:	2b00      	cmp	r3, #0
10000e52:	db22      	blt.n	10000e9a <pll_init+0x76>
10000e54:	4b1a      	ldr	r3, [pc, #104]	@ (10000ec0 <pll_init+0x9c>)
10000e56:	481b      	ldr	r0, [pc, #108]	@ (10000ec4 <pll_init+0xa0>)
10000e58:	18e2      	adds	r2, r4, r3
10000e5a:	1e53      	subs	r3, r2, #1
10000e5c:	419a      	sbcs	r2, r3
10000e5e:	2380      	movs	r3, #128	@ 0x80
10000e60:	4252      	negs	r2, r2
10000e62:	0b12      	lsrs	r2, r2, #12
10000e64:	019b      	lsls	r3, r3, #6
10000e66:	0312      	lsls	r2, r2, #12
10000e68:	18d2      	adds	r2, r2, r3
10000e6a:	4b17      	ldr	r3, [pc, #92]	@ (10000ec8 <pll_init+0xa4>)
10000e6c:	601a      	str	r2, [r3, #0]
10000e6e:	4b17      	ldr	r3, [pc, #92]	@ (10000ecc <pll_init+0xa8>)
10000e70:	601a      	str	r2, [r3, #0]
10000e72:	0013      	movs	r3, r2
10000e74:	6801      	ldr	r1, [r0, #0]
10000e76:	438b      	bics	r3, r1
10000e78:	d1fb      	bne.n	10000e72 <pll_init+0x4e>
10000e7a:	2221      	movs	r2, #33	@ 0x21
10000e7c:	4b14      	ldr	r3, [pc, #80]	@ (10000ed0 <pll_init+0xac>)
10000e7e:	6025      	str	r5, [r4, #0]
10000e80:	18e3      	adds	r3, r4, r3
10000e82:	60a6      	str	r6, [r4, #8]
10000e84:	601a      	str	r2, [r3, #0]
10000e86:	6822      	ldr	r2, [r4, #0]
10000e88:	2a00      	cmp	r2, #0
10000e8a:	dafc      	bge.n	10000e86 <pll_init+0x62>
10000e8c:	4662      	mov	r2, ip
10000e8e:	60e2      	str	r2, [r4, #12]
10000e90:	2208      	movs	r2, #8
10000e92:	601a      	str	r2, [r3, #0]
10000e94:	bc80      	pop	{r7}
10000e96:	46b8      	mov	r8, r7
10000e98:	bdf0      	pop	{r4, r5, r6, r7, pc}
10000e9a:	233f      	movs	r3, #63	@ 0x3f
10000e9c:	6822      	ldr	r2, [r4, #0]
10000e9e:	4013      	ands	r3, r2
10000ea0:	42ab      	cmp	r3, r5
10000ea2:	d1d7      	bne.n	10000e54 <pll_init+0x30>
10000ea4:	68a3      	ldr	r3, [r4, #8]
10000ea6:	051b      	lsls	r3, r3, #20
10000ea8:	0d1b      	lsrs	r3, r3, #20
10000eaa:	4283      	cmp	r3, r0
10000eac:	d1d2      	bne.n	10000e54 <pll_init+0x30>
10000eae:	22ee      	movs	r2, #238	@ 0xee
10000eb0:	68e3      	ldr	r3, [r4, #12]
10000eb2:	02d2      	lsls	r2, r2, #11
10000eb4:	4013      	ands	r3, r2
10000eb6:	4563      	cmp	r3, ip
10000eb8:	d1cc      	bne.n	10000e54 <pll_init+0x30>
10000eba:	e7eb      	b.n	10000e94 <pll_init+0x70>
10000ebc:	00b71b00 	.word	0x00b71b00
10000ec0:	bffd4000 	.word	0xbffd4000
10000ec4:	4000c008 	.word	0x4000c008
10000ec8:	4000e000 	.word	0x4000e000
10000ecc:	4000f000 	.word	0x4000f000
10000ed0:	00003004 	.word	0x00003004

10000ed4 <tick_start>:
10000ed4:	2380      	movs	r3, #128	@ 0x80
10000ed6:	4a02      	ldr	r2, [pc, #8]	@ (10000ee0 <tick_start+0xc>)
10000ed8:	009b      	lsls	r3, r3, #2
10000eda:	430b      	orrs	r3, r1
10000edc:	62d3      	str	r3, [r2, #44]	@ 0x2c
10000ede:	4770      	bx	lr
10000ee0:	40058000 	.word	0x40058000

10000ee4 <rom_func_lookup>:
10000ee4:	2300      	movs	r3, #0
10000ee6:	b510      	push	{r4, lr}
10000ee8:	0001      	movs	r1, r0
10000eea:	8a98      	ldrh	r0, [r3, #20]
10000eec:	8b1b      	ldrh	r3, [r3, #24]
10000eee:	4798      	blx	r3
10000ef0:	bd10      	pop	{r4, pc}
10000ef2:	46c0      	nop			@ (mov r8, r8)

10000ef4 <rom_data_lookup>:
10000ef4:	2316      	movs	r3, #22
10000ef6:	b510      	push	{r4, lr}
10000ef8:	0001      	movs	r1, r0
10000efa:	8818      	ldrh	r0, [r3, #0]
10000efc:	885b      	ldrh	r3, [r3, #2]
10000efe:	4798      	blx	r3
10000f00:	bd10      	pop	{r4, pc}
10000f02:	46c0      	nop			@ (mov r8, r8)

10000f04 <rom_funcs_lookup>:
10000f04:	b5f8      	push	{r3, r4, r5, r6, r7, lr}
10000f06:	4647      	mov	r7, r8
10000f08:	46ce      	mov	lr, r9
10000f0a:	b580      	push	{r7, lr}
10000f0c:	1e0f      	subs	r7, r1, #0
10000f0e:	d018      	beq.n	10000f42 <rom_funcs_lookup+0x3e>
10000f10:	2314      	movs	r3, #20
10000f12:	4699      	mov	r9, r3
10000f14:	3304      	adds	r3, #4
10000f16:	0004      	movs	r4, r0
10000f18:	2500      	movs	r5, #0
10000f1a:	2601      	movs	r6, #1
10000f1c:	4698      	mov	r8, r3
10000f1e:	464b      	mov	r3, r9
10000f20:	8818      	ldrh	r0, [r3, #0]
10000f22:	4643      	mov	r3, r8
10000f24:	6821      	ldr	r1, [r4, #0]
10000f26:	881b      	ldrh	r3, [r3, #0]
10000f28:	4798      	blx	r3
10000f2a:	c401      	stmia	r4!, {r0}
10000f2c:	1e43      	subs	r3, r0, #1
10000f2e:	4198      	sbcs	r0, r3
10000f30:	3501      	adds	r5, #1
10000f32:	4006      	ands	r6, r0
10000f34:	42af      	cmp	r7, r5
10000f36:	d1f2      	bne.n	10000f1e <rom_funcs_lookup+0x1a>
10000f38:	0030      	movs	r0, r6
10000f3a:	bcc0      	pop	{r6, r7}
10000f3c:	46b9      	mov	r9, r7
10000f3e:	46b0      	mov	r8, r6
10000f40:	bdf8      	pop	{r3, r4, r5, r6, r7, pc}
10000f42:	2601      	movs	r6, #1
10000f44:	e7f8      	b.n	10000f38 <rom_funcs_lookup+0x34>
10000f46:	46c0      	nop			@ (mov r8, r8)

10000f48 <xosc_init>:
10000f48:	23aa      	movs	r3, #170	@ 0xaa
10000f4a:	4a06      	ldr	r2, [pc, #24]	@ (10000f64 <xosc_init+0x1c>)
10000f4c:	011b      	lsls	r3, r3, #4
10000f4e:	6013      	str	r3, [r2, #0]
10000f50:	238d      	movs	r3, #141	@ 0x8d
10000f52:	005b      	lsls	r3, r3, #1
10000f54:	60d3      	str	r3, [r2, #12]
10000f56:	4904      	ldr	r1, [pc, #16]	@ (10000f68 <xosc_init+0x20>)
10000f58:	4b04      	ldr	r3, [pc, #16]	@ (10000f6c <xosc_init+0x24>)
10000f5a:	6019      	str	r1, [r3, #0]
10000f5c:	6853      	ldr	r3, [r2, #4]
10000f5e:	2b00      	cmp	r3, #0
10000f60:	dafc      	bge.n	10000f5c <xosc_init+0x14>
10000f62:	4770      	bx	lr
10000f64:	40024000 	.word	0x40024000
10000f68:	00fab000 	.word	0x00fab000
10000f6c:	40026000 	.word	0x40026000

10000f70 <first_per_core_initializer>:
10000f70:	4770      	bx	lr
10000f72:	46c0      	nop			@ (mov r8, r8)

10000f74 <hard_assertion_failure>:
10000f74:	b510      	push	{r4, lr}
10000f76:	4801      	ldr	r0, [pc, #4]	@ (10000f7c <hard_assertion_failure+0x8>)
10000f78:	f7ff f9c8 	bl	1000030c <panic>
10000f7c:	100017a8 	.word	0x100017a8

10000f80 <runtime_run_initializers>:
10000f80:	b570      	push	{r4, r5, r6, lr}
10000f82:	4d07      	ldr	r5, [pc, #28]	@ (10000fa0 <runtime_run_initializers+0x20>)
10000f84:	4e07      	ldr	r6, [pc, #28]	@ (10000fa4 <runtime_run_initializers+0x24>)
10000f86:	42b5      	cmp	r5, r6
10000f88:	d209      	bcs.n	10000f9e <runtime_run_initializers+0x1e>
10000f8a:	2400      	movs	r4, #0
10000f8c:	3e01      	subs	r6, #1
10000f8e:	1b76      	subs	r6, r6, r5
10000f90:	08b6      	lsrs	r6, r6, #2
10000f92:	3601      	adds	r6, #1
10000f94:	cd08      	ldmia	r5!, {r3}
10000f96:	3401      	adds	r4, #1
10000f98:	4798      	blx	r3
10000f9a:	42b4      	cmp	r4, r6
10000f9c:	d1fa      	bne.n	10000f94 <runtime_run_initializers+0x14>
10000f9e:	bd70      	pop	{r4, r5, r6, pc}
10000fa0:	10001738 	.word	0x10001738
10000fa4:	10001774 	.word	0x10001774

10000fa8 <runtime_init_early_resets>:
10000fa8:	4b05      	ldr	r3, [pc, #20]	@ (10000fc0 <runtime_init_early_resets+0x18>)
10000faa:	4a06      	ldr	r2, [pc, #24]	@ (10000fc4 <runtime_init_early_resets+0x1c>)
10000fac:	4906      	ldr	r1, [pc, #24]	@ (10000fc8 <runtime_init_early_resets+0x20>)
10000fae:	601a      	str	r2, [r3, #0]
10000fb0:	4a06      	ldr	r2, [pc, #24]	@ (10000fcc <runtime_init_early_resets+0x24>)
10000fb2:	4b07      	ldr	r3, [pc, #28]	@ (10000fd0 <runtime_init_early_resets+0x28>)
10000fb4:	601a      	str	r2, [r3, #0]
10000fb6:	0010      	movs	r0, r2
10000fb8:	680b      	ldr	r3, [r1, #0]
10000fba:	4398      	bics	r0, r3
10000fbc:	d1fb      	bne.n	10000fb6 <runtime_init_early_resets+0xe>
10000fbe:	4770      	bx	lr
10000fc0:	4000e000 	.word	0x4000e000
10000fc4:	fefbcdbf 	.word	0xfefbcdbf
10000fc8:	4000c008 	.word	0x4000c008
10000fcc:	003c7ffe 	.word	0x003c7ffe
10000fd0:	4000f000 	.word	0x4000f000

10000fd4 <runtime_init_usb_power_down>:
10000fd4:	4b04      	ldr	r3, [pc, #16]	@ (10000fe8 <runtime_init_usb_power_down+0x14>)
10000fd6:	6cdb      	ldr	r3, [r3, #76]	@ 0x4c
10000fd8:	2b00      	cmp	r3, #0
10000fda:	d103      	bne.n	10000fe4 <runtime_init_usb_power_down+0x10>
10000fdc:	2280      	movs	r2, #128	@ 0x80
10000fde:	4b03      	ldr	r3, [pc, #12]	@ (10000fec <runtime_init_usb_power_down+0x18>)
10000fe0:	02d2      	lsls	r2, r2, #11
10000fe2:	601a      	str	r2, [r3, #0]
10000fe4:	4770      	bx	lr
10000fe6:	46c0      	nop			@ (mov r8, r8)
10000fe8:	50110000 	.word	0x50110000
10000fec:	5011204c 	.word	0x5011204c

10000ff0 <runtime_init_post_clock_resets>:
10000ff0:	4a04      	ldr	r2, [pc, #16]	@ (10001004 <runtime_init_post_clock_resets+0x14>)
10000ff2:	4b05      	ldr	r3, [pc, #20]	@ (10001008 <runtime_init_post_clock_resets+0x18>)
10000ff4:	601a      	str	r2, [r3, #0]
10000ff6:	4a05      	ldr	r2, [pc, #20]	@ (1000100c <runtime_init_post_clock_resets+0x1c>)
10000ff8:	6813      	ldr	r3, [r2, #0]
10000ffa:	01db      	lsls	r3, r3, #7
10000ffc:	3380      	adds	r3, #128	@ 0x80
10000ffe:	d1fb      	bne.n	10000ff8 <runtime_init_post_clock_resets+0x8>
10001000:	4770      	bx	lr
10001002:	46c0      	nop			@ (mov r8, r8)
10001004:	01ffffff 	.word	0x01ffffff
10001008:	4000f000 	.word	0x4000f000
1000100c:	4000c008 	.word	0x4000c008

10001010 <runtime_init_rp2040_gpio_ie_disable>:
10001010:	2240      	movs	r2, #64	@ 0x40
10001012:	4b03      	ldr	r3, [pc, #12]	@ (10001020 <runtime_init_rp2040_gpio_ie_disable+0x10>)
10001014:	679a      	str	r2, [r3, #120]	@ 0x78
10001016:	675a      	str	r2, [r3, #116]	@ 0x74
10001018:	671a      	str	r2, [r3, #112]	@ 0x70
1000101a:	66da      	str	r2, [r3, #108]	@ 0x6c
1000101c:	4770      	bx	lr
1000101e:	46c0      	nop			@ (mov r8, r8)
10001020:	4001f000 	.word	0x4001f000

10001024 <runtime_init_spin_locks_reset>:
10001024:	b510      	push	{r4, lr}
10001026:	f7ff f9bd 	bl	100003a4 <spin_locks_reset>
1000102a:	bd10      	pop	{r4, pc}

1000102c <runtime_init_install_ram_vector_table>:
1000102c:	b570      	push	{r4, r5, r6, lr}
1000102e:	4927      	ldr	r1, [pc, #156]	@ (100010cc <runtime_init_install_ram_vector_table+0xa0>)
10001030:	4e27      	ldr	r6, [pc, #156]	@ (100010d0 <runtime_init_install_ram_vector_table+0xa4>)
10001032:	4d28      	ldr	r5, [pc, #160]	@ (100010d4 <runtime_init_install_ram_vector_table+0xa8>)
10001034:	1a76      	subs	r6, r6, r1
10001036:	08b4      	lsrs	r4, r6, #2
10001038:	0022      	movs	r2, r4
1000103a:	2c30      	cmp	r4, #48	@ 0x30
1000103c:	d900      	bls.n	10001040 <runtime_init_install_ram_vector_table+0x14>
1000103e:	2230      	movs	r2, #48	@ 0x30
10001040:	0028      	movs	r0, r5
10001042:	0092      	lsls	r2, r2, #2
10001044:	f000 f9ba 	bl	100013bc <__wrap___aeabi_memcpy>
10001048:	2c2f      	cmp	r4, #47	@ 0x2f
1000104a:	d83b      	bhi.n	100010c4 <runtime_init_install_ram_vector_table+0x98>
1000104c:	0023      	movs	r3, r4
1000104e:	3b2a      	subs	r3, #42	@ 0x2a
10001050:	4a21      	ldr	r2, [pc, #132]	@ (100010d8 <runtime_init_install_ram_vector_table+0xac>)
10001052:	2b05      	cmp	r3, #5
10001054:	d91b      	bls.n	1000108e <runtime_init_install_ram_vector_table+0x62>
10001056:	2030      	movs	r0, #48	@ 0x30
10001058:	19ae      	adds	r6, r5, r6
1000105a:	0771      	lsls	r1, r6, #29
1000105c:	1b00      	subs	r0, r0, r4
1000105e:	0026      	movs	r6, r4
10001060:	0fcb      	lsrs	r3, r1, #31
10001062:	2900      	cmp	r1, #0
10001064:	da02      	bge.n	1000106c <runtime_init_install_ram_vector_table+0x40>
10001066:	00a1      	lsls	r1, r4, #2
10001068:	506a      	str	r2, [r5, r1]
1000106a:	1c66      	adds	r6, r4, #1
1000106c:	1ac0      	subs	r0, r0, r3
1000106e:	18e3      	adds	r3, r4, r3
10001070:	009b      	lsls	r3, r3, #2
10001072:	0841      	lsrs	r1, r0, #1
10001074:	18eb      	adds	r3, r5, r3
10001076:	00c9      	lsls	r1, r1, #3
10001078:	18c9      	adds	r1, r1, r3
1000107a:	601a      	str	r2, [r3, #0]
1000107c:	605a      	str	r2, [r3, #4]
1000107e:	3308      	adds	r3, #8
10001080:	428b      	cmp	r3, r1
10001082:	d1fa      	bne.n	1000107a <runtime_init_install_ram_vector_table+0x4e>
10001084:	2301      	movs	r3, #1
10001086:	4203      	tst	r3, r0
10001088:	d01c      	beq.n	100010c4 <runtime_init_install_ram_vector_table+0x98>
1000108a:	4398      	bics	r0, r3
1000108c:	1984      	adds	r4, r0, r6
1000108e:	00a3      	lsls	r3, r4, #2
10001090:	50ea      	str	r2, [r5, r3]
10001092:	1c63      	adds	r3, r4, #1
10001094:	2c2f      	cmp	r4, #47	@ 0x2f
10001096:	d015      	beq.n	100010c4 <runtime_init_install_ram_vector_table+0x98>
10001098:	009b      	lsls	r3, r3, #2
1000109a:	50ea      	str	r2, [r5, r3]
1000109c:	1ca3      	adds	r3, r4, #2
1000109e:	2c2e      	cmp	r4, #46	@ 0x2e
100010a0:	d010      	beq.n	100010c4 <runtime_init_install_ram_vector_table+0x98>
100010a2:	009b      	lsls	r3, r3, #2
100010a4:	50ea      	str	r2, [r5, r3]
100010a6:	1ce3      	adds	r3, r4, #3
100010a8:	2c2d      	cmp	r4, #45	@ 0x2d
100010aa:	d00b      	beq.n	100010c4 <runtime_init_install_ram_vector_table+0x98>
100010ac:	009b      	lsls	r3, r3, #2
100010ae:	50ea      	str	r2, [r5, r3]
100010b0:	1d23      	adds	r3, r4, #4
100010b2:	2c2c      	cmp	r4, #44	@ 0x2c
100010b4:	d006      	beq.n	100010c4 <runtime_init_install_ram_vector_table+0x98>
100010b6:	009b      	lsls	r3, r3, #2
100010b8:	50ea      	str	r2, [r5, r3]
100010ba:	1d63      	adds	r3, r4, #5
100010bc:	2c2b      	cmp	r4, #43	@ 0x2b
100010be:	d001      	beq.n	100010c4 <runtime_init_install_ram_vector_table+0x98>
100010c0:	009b      	lsls	r3, r3, #2
100010c2:	50ea      	str	r2, [r5, r3]
100010c4:	4b05      	ldr	r3, [pc, #20]	@ (100010dc <runtime_init_install_ram_vector_table+0xb0>)
100010c6:	609d      	str	r5, [r3, #8]
100010c8:	bd70      	pop	{r4, r5, r6, pc}
100010ca:	46c0      	nop			@ (mov r8, r8)
100010cc:	10000100 	.word	0x10000100
100010d0:	100001c0 	.word	0x100001c0
100010d4:	20000000 	.word	0x20000000
100010d8:	100001c1 	.word	0x100001c1
100010dc:	e000ed00 	.word	0xe000ed00

100010e0 <runtime_init_clocks>:
100010e0:	2300      	movs	r3, #0
100010e2:	b510      	push	{r4, lr}
100010e4:	4c29      	ldr	r4, [pc, #164]	@ (1000118c <runtime_init_clocks+0xac>)
100010e6:	b082      	sub	sp, #8
100010e8:	67a3      	str	r3, [r4, #120]	@ 0x78
100010ea:	f7ff ff2d 	bl	10000f48 <xosc_init>
100010ee:	2201      	movs	r2, #1
100010f0:	4b27      	ldr	r3, [pc, #156]	@ (10001190 <runtime_init_clocks+0xb0>)
100010f2:	601a      	str	r2, [r3, #0]
100010f4:	6c63      	ldr	r3, [r4, #68]	@ 0x44
100010f6:	2b01      	cmp	r3, #1
100010f8:	d1fc      	bne.n	100010f4 <runtime_init_clocks+0x14>
100010fa:	2203      	movs	r2, #3
100010fc:	4b25      	ldr	r3, [pc, #148]	@ (10001194 <runtime_init_clocks+0xb4>)
100010fe:	601a      	str	r2, [r3, #0]
10001100:	4a22      	ldr	r2, [pc, #136]	@ (1000118c <runtime_init_clocks+0xac>)
10001102:	6b93      	ldr	r3, [r2, #56]	@ 0x38
10001104:	2b01      	cmp	r3, #1
10001106:	d1fc      	bne.n	10001102 <runtime_init_clocks+0x22>
10001108:	3301      	adds	r3, #1
1000110a:	9300      	str	r3, [sp, #0]
1000110c:	2101      	movs	r1, #1
1000110e:	4a22      	ldr	r2, [pc, #136]	@ (10001198 <runtime_init_clocks+0xb8>)
10001110:	4822      	ldr	r0, [pc, #136]	@ (1000119c <runtime_init_clocks+0xbc>)
10001112:	3304      	adds	r3, #4
10001114:	f7ff fe86 	bl	10000e24 <pll_init>
10001118:	2305      	movs	r3, #5
1000111a:	2101      	movs	r1, #1
1000111c:	9300      	str	r3, [sp, #0]
1000111e:	4a20      	ldr	r2, [pc, #128]	@ (100011a0 <runtime_init_clocks+0xc0>)
10001120:	4820      	ldr	r0, [pc, #128]	@ (100011a4 <runtime_init_clocks+0xc4>)
10001122:	f7ff fe7f 	bl	10000e24 <pll_init>
10001126:	2200      	movs	r2, #0
10001128:	2102      	movs	r1, #2
1000112a:	2004      	movs	r0, #4
1000112c:	4b1e      	ldr	r3, [pc, #120]	@ (100011a8 <runtime_init_clocks+0xc8>)
1000112e:	f7ff fe03 	bl	10000d38 <clock_configure_undivided>
10001132:	2200      	movs	r2, #0
10001134:	2101      	movs	r1, #1
10001136:	2005      	movs	r0, #5
10001138:	4b1c      	ldr	r3, [pc, #112]	@ (100011ac <runtime_init_clocks+0xcc>)
1000113a:	f7ff fdfd 	bl	10000d38 <clock_configure_undivided>
1000113e:	2200      	movs	r2, #0
10001140:	2100      	movs	r1, #0
10001142:	2007      	movs	r0, #7
10001144:	4b1a      	ldr	r3, [pc, #104]	@ (100011b0 <runtime_init_clocks+0xd0>)
10001146:	f7ff fdf7 	bl	10000d38 <clock_configure_undivided>
1000114a:	2200      	movs	r2, #0
1000114c:	2100      	movs	r1, #0
1000114e:	2008      	movs	r0, #8
10001150:	4b17      	ldr	r3, [pc, #92]	@ (100011b0 <runtime_init_clocks+0xd0>)
10001152:	f7ff fdf1 	bl	10000d38 <clock_configure_undivided>
10001156:	2380      	movs	r3, #128	@ 0x80
10001158:	00db      	lsls	r3, r3, #3
1000115a:	9300      	str	r3, [sp, #0]
1000115c:	2200      	movs	r2, #0
1000115e:	2100      	movs	r1, #0
10001160:	2009      	movs	r0, #9
10001162:	4b13      	ldr	r3, [pc, #76]	@ (100011b0 <runtime_init_clocks+0xd0>)
10001164:	f7ff fd72 	bl	10000c4c <clock_configure_int_divider>
10001168:	2200      	movs	r2, #0
1000116a:	4b10      	ldr	r3, [pc, #64]	@ (100011ac <runtime_init_clocks+0xcc>)
1000116c:	2100      	movs	r1, #0
1000116e:	2006      	movs	r0, #6
10001170:	f7ff fde2 	bl	10000d38 <clock_configure_undivided>
10001174:	2004      	movs	r0, #4
10001176:	f7ff fe4f 	bl	10000e18 <clock_get_hz>
1000117a:	490e      	ldr	r1, [pc, #56]	@ (100011b4 <runtime_init_clocks+0xd4>)
1000117c:	f000 f824 	bl	100011c8 <__wrap___aeabi_uidiv>
10001180:	0001      	movs	r1, r0
10001182:	2000      	movs	r0, #0
10001184:	f7ff fea6 	bl	10000ed4 <tick_start>
10001188:	b002      	add	sp, #8
1000118a:	bd10      	pop	{r4, pc}
1000118c:	40008000 	.word	0x40008000
10001190:	4000b03c 	.word	0x4000b03c
10001194:	4000b030 	.word	0x4000b030
10001198:	59682f00 	.word	0x59682f00
1000119c:	40028000 	.word	0x40028000
100011a0:	47868c00 	.word	0x47868c00
100011a4:	4002c000 	.word	0x4002c000
100011a8:	00b71b00 	.word	0x00b71b00
100011ac:	07735940 	.word	0x07735940
100011b0:	02dc6c00 	.word	0x02dc6c00
100011b4:	000f4240 	.word	0x000f4240

100011b8 <__aeabi_bits_init>:
100011b8:	4801      	ldr	r0, [pc, #4]	@ (100011c0 <__aeabi_bits_init+0x8>)
100011ba:	2104      	movs	r1, #4
100011bc:	4b01      	ldr	r3, [pc, #4]	@ (100011c4 <__aeabi_bits_init+0xc>)
100011be:	4718      	bx	r3
100011c0:	200001c0 	.word	0x200001c0
100011c4:	10000f05 	.word	0x10000f05

100011c8 <__wrap___aeabi_uidiv>:
100011c8:	4a11      	ldr	r2, [pc, #68]	@ (10001210 <divmod_u32u32_savestate+0x18>)
100011ca:	6f93      	ldr	r3, [r2, #120]	@ 0x78
100011cc:	089b      	lsrs	r3, r3, #2
100011ce:	d213      	bcs.n	100011f8 <divmod_u32u32_savestate>

100011d0 <divmod_u32u32_core>:
100011d0:	6610      	str	r0, [r2, #96]	@ 0x60
100011d2:	6651      	str	r1, [r2, #100]	@ 0x64
100011d4:	2900      	cmp	r1, #0
100011d6:	d005      	beq.n	100011e4 <divmod_u32u32_core+0x14>
100011d8:	e7ff      	b.n	100011da <divmod_u32u32_core+0xa>
100011da:	e7ff      	b.n	100011dc <divmod_u32u32_core+0xc>
100011dc:	e7ff      	b.n	100011de <divmod_u32u32_core+0xe>
100011de:	6f51      	ldr	r1, [r2, #116]	@ 0x74
100011e0:	6f10      	ldr	r0, [r2, #112]	@ 0x70
100011e2:	4770      	bx	lr
100011e4:	b504      	push	{r2, lr}
100011e6:	2800      	cmp	r0, #0
100011e8:	d001      	beq.n	100011ee <divmod_u32u32_core+0x1e>
100011ea:	2000      	movs	r0, #0
100011ec:	43c0      	mvns	r0, r0
100011ee:	f000 fa9b 	bl	10001728 <____aeabi_idiv0_veneer>
100011f2:	2100      	movs	r1, #0
100011f4:	bd04      	pop	{r2, pc}
100011f6:	46c0      	nop			@ (mov r8, r8)

100011f8 <divmod_u32u32_savestate>:
100011f8:	b5f0      	push	{r4, r5, r6, r7, lr}
100011fa:	6e14      	ldr	r4, [r2, #96]	@ 0x60
100011fc:	6e55      	ldr	r5, [r2, #100]	@ 0x64
100011fe:	6f57      	ldr	r7, [r2, #116]	@ 0x74
10001200:	6f16      	ldr	r6, [r2, #112]	@ 0x70
10001202:	f7ff ffe5 	bl	100011d0 <divmod_u32u32_core>
10001206:	6614      	str	r4, [r2, #96]	@ 0x60
10001208:	6655      	str	r5, [r2, #100]	@ 0x64
1000120a:	6757      	str	r7, [r2, #116]	@ 0x74
1000120c:	6716      	str	r6, [r2, #112]	@ 0x70
1000120e:	bdf0      	pop	{r4, r5, r6, r7, pc}
10001210:	d0000000 	.word	0xd0000000

10001214 <__aeabi_double_init>:
10001214:	2313      	movs	r3, #19
10001216:	b570      	push	{r4, r5, r6, lr}
10001218:	781d      	ldrb	r5, [r3, #0]
1000121a:	2d01      	cmp	r5, #1
1000121c:	d019      	beq.n	10001252 <__aeabi_double_init+0x3e>
1000121e:	dd14      	ble.n	1000124a <__aeabi_double_init+0x36>
10001220:	481f      	ldr	r0, [pc, #124]	@ (100012a0 <__aeabi_double_init+0x8c>)
10001222:	f7ff fe67 	bl	10000ef4 <rom_data_lookup>
10001226:	0006      	movs	r6, r0
10001228:	481e      	ldr	r0, [pc, #120]	@ (100012a4 <__aeabi_double_init+0x90>)
1000122a:	f7ff fe63 	bl	10000ef4 <rom_data_lookup>
1000122e:	4c1e      	ldr	r4, [pc, #120]	@ (100012a8 <__aeabi_double_init+0x94>)
10001230:	2280      	movs	r2, #128	@ 0x80
10001232:	0031      	movs	r1, r6
10001234:	0020      	movs	r0, r4
10001236:	f000 f8c1 	bl	100013bc <__wrap___aeabi_memcpy>
1000123a:	2d02      	cmp	r5, #2
1000123c:	d02d      	beq.n	1000129a <__aeabi_double_init+0x86>
1000123e:	481b      	ldr	r0, [pc, #108]	@ (100012ac <__aeabi_double_init+0x98>)
10001240:	f7ff fe50 	bl	10000ee4 <rom_func_lookup>
10001244:	4b1a      	ldr	r3, [pc, #104]	@ (100012b0 <__aeabi_double_init+0x9c>)
10001246:	6018      	str	r0, [r3, #0]
10001248:	bd70      	pop	{r4, r5, r6, pc}
1000124a:	4b1a      	ldr	r3, [pc, #104]	@ (100012b4 <__aeabi_double_init+0xa0>)
1000124c:	4c16      	ldr	r4, [pc, #88]	@ (100012a8 <__aeabi_double_init+0x94>)
1000124e:	64a3      	str	r3, [r4, #72]	@ 0x48
10001250:	e7f5      	b.n	1000123e <__aeabi_double_init+0x2a>
10001252:	4b18      	ldr	r3, [pc, #96]	@ (100012b4 <__aeabi_double_init+0xa0>)
10001254:	4c14      	ldr	r4, [pc, #80]	@ (100012a8 <__aeabi_double_init+0x94>)
10001256:	6023      	str	r3, [r4, #0]
10001258:	6063      	str	r3, [r4, #4]
1000125a:	60a3      	str	r3, [r4, #8]
1000125c:	60e3      	str	r3, [r4, #12]
1000125e:	6123      	str	r3, [r4, #16]
10001260:	6163      	str	r3, [r4, #20]
10001262:	61a3      	str	r3, [r4, #24]
10001264:	61e3      	str	r3, [r4, #28]
10001266:	6223      	str	r3, [r4, #32]
10001268:	6263      	str	r3, [r4, #36]	@ 0x24
1000126a:	62a3      	str	r3, [r4, #40]	@ 0x28
1000126c:	62e3      	str	r3, [r4, #44]	@ 0x2c
1000126e:	6323      	str	r3, [r4, #48]	@ 0x30
10001270:	6363      	str	r3, [r4, #52]	@ 0x34
10001272:	63a3      	str	r3, [r4, #56]	@ 0x38
10001274:	63e3      	str	r3, [r4, #60]	@ 0x3c
10001276:	6423      	str	r3, [r4, #64]	@ 0x40
10001278:	6463      	str	r3, [r4, #68]	@ 0x44
1000127a:	64a3      	str	r3, [r4, #72]	@ 0x48
1000127c:	64e3      	str	r3, [r4, #76]	@ 0x4c
1000127e:	6523      	str	r3, [r4, #80]	@ 0x50
10001280:	6563      	str	r3, [r4, #84]	@ 0x54
10001282:	65a3      	str	r3, [r4, #88]	@ 0x58
10001284:	65e3      	str	r3, [r4, #92]	@ 0x5c
10001286:	6623      	str	r3, [r4, #96]	@ 0x60
10001288:	6663      	str	r3, [r4, #100]	@ 0x64
1000128a:	66a3      	str	r3, [r4, #104]	@ 0x68
1000128c:	66e3      	str	r3, [r4, #108]	@ 0x6c
1000128e:	6723      	str	r3, [r4, #112]	@ 0x70
10001290:	6763      	str	r3, [r4, #116]	@ 0x74
10001292:	67a3      	str	r3, [r4, #120]	@ 0x78
10001294:	67e3      	str	r3, [r4, #124]	@ 0x7c
10001296:	64a3      	str	r3, [r4, #72]	@ 0x48
10001298:	e7d1      	b.n	1000123e <__aeabi_double_init+0x2a>
1000129a:	4b06      	ldr	r3, [pc, #24]	@ (100012b4 <__aeabi_double_init+0xa0>)
1000129c:	64a3      	str	r3, [r4, #72]	@ 0x48
1000129e:	e7ce      	b.n	1000123e <__aeabi_double_init+0x2a>
100012a0:	00004453 	.word	0x00004453
100012a4:	00004653 	.word	0x00004653
100012a8:	20000368 	.word	0x20000368
100012ac:	0000334c 	.word	0x0000334c
100012b0:	200005b0 	.word	0x200005b0
100012b4:	100012b9 	.word	0x100012b9

100012b8 <double_table_shim_on_use_helper>:
100012b8:	b507      	push	{r0, r1, r2, lr}
100012ba:	4660      	mov	r0, ip
100012bc:	8801      	ldrh	r1, [r0, #0]
100012be:	0a0a      	lsrs	r2, r1, #8
100012c0:	3002      	adds	r0, #2
100012c2:	2adf      	cmp	r2, #223	@ 0xdf
100012c4:	d1fa      	bne.n	100012bc <double_table_shim_on_use_helper+0x4>
100012c6:	b2c9      	uxtb	r1, r1
100012c8:	0882      	lsrs	r2, r0, #2
100012ca:	d304      	bcc.n	100012d6 <double_table_shim_on_use_helper+0x1e>
100012cc:	8802      	ldrh	r2, [r0, #0]
100012ce:	8840      	ldrh	r0, [r0, #2]
100012d0:	0400      	lsls	r0, r0, #16
100012d2:	4310      	orrs	r0, r2
100012d4:	e000      	b.n	100012d8 <double_table_shim_on_use_helper+0x20>
100012d6:	6800      	ldr	r0, [r0, #0]
100012d8:	4a01      	ldr	r2, [pc, #4]	@ (100012e0 <double_table_shim_on_use_helper+0x28>)
100012da:	5050      	str	r0, [r2, r1]
100012dc:	9003      	str	r0, [sp, #12]
100012de:	bd07      	pop	{r0, r1, r2, pc}
100012e0:	20000368 	.word	0x20000368

100012e4 <__wrap___aeabi_lmul>:
100012e4:	4351      	muls	r1, r2
100012e6:	4343      	muls	r3, r0
100012e8:	18c9      	adds	r1, r1, r3
100012ea:	468c      	mov	ip, r1
100012ec:	0c11      	lsrs	r1, r2, #16
100012ee:	b283      	uxth	r3, r0
100012f0:	434b      	muls	r3, r1
100012f2:	b410      	push	{r4}
100012f4:	0c04      	lsrs	r4, r0, #16
100012f6:	4361      	muls	r1, r4
100012f8:	b292      	uxth	r2, r2
100012fa:	b280      	uxth	r0, r0
100012fc:	4350      	muls	r0, r2
100012fe:	4362      	muls	r2, r4
10001300:	041c      	lsls	r4, r3, #16
10001302:	0c1b      	lsrs	r3, r3, #16
10001304:	1900      	adds	r0, r0, r4
10001306:	bc10      	pop	{r4}
10001308:	4159      	adcs	r1, r3
1000130a:	0413      	lsls	r3, r2, #16
1000130c:	0c12      	lsrs	r2, r2, #16
1000130e:	18c0      	adds	r0, r0, r3
10001310:	4151      	adcs	r1, r2
10001312:	4461      	add	r1, ip
10001314:	4770      	bx	lr
	...

10001318 <__aeabi_float_init>:
10001318:	2313      	movs	r3, #19
1000131a:	b510      	push	{r4, lr}
1000131c:	781c      	ldrb	r4, [r3, #0]
1000131e:	4813      	ldr	r0, [pc, #76]	@ (1000136c <__aeabi_float_init+0x54>)
10001320:	f7ff fde8 	bl	10000ef4 <rom_data_lookup>
10001324:	2c01      	cmp	r4, #1
10001326:	d00b      	beq.n	10001340 <__aeabi_float_init+0x28>
10001328:	dd04      	ble.n	10001334 <__aeabi_float_init+0x1c>
1000132a:	0001      	movs	r1, r0
1000132c:	2280      	movs	r2, #128	@ 0x80
1000132e:	4810      	ldr	r0, [pc, #64]	@ (10001370 <__aeabi_float_init+0x58>)
10001330:	f000 f844 	bl	100013bc <__wrap___aeabi_memcpy>
10001334:	480f      	ldr	r0, [pc, #60]	@ (10001374 <__aeabi_float_init+0x5c>)
10001336:	f7ff fdd5 	bl	10000ee4 <rom_func_lookup>
1000133a:	4b0f      	ldr	r3, [pc, #60]	@ (10001378 <__aeabi_float_init+0x60>)
1000133c:	6018      	str	r0, [r3, #0]
1000133e:	bd10      	pop	{r4, pc}
10001340:	4c0b      	ldr	r4, [pc, #44]	@ (10001370 <__aeabi_float_init+0x58>)
10001342:	0001      	movs	r1, r0
10001344:	2254      	movs	r2, #84	@ 0x54
10001346:	0020      	movs	r0, r4
10001348:	f000 f838 	bl	100013bc <__wrap___aeabi_memcpy>
1000134c:	4b0b      	ldr	r3, [pc, #44]	@ (1000137c <__aeabi_float_init+0x64>)
1000134e:	6563      	str	r3, [r4, #84]	@ 0x54
10001350:	65a3      	str	r3, [r4, #88]	@ 0x58
10001352:	65e3      	str	r3, [r4, #92]	@ 0x5c
10001354:	6623      	str	r3, [r4, #96]	@ 0x60
10001356:	6663      	str	r3, [r4, #100]	@ 0x64
10001358:	66a3      	str	r3, [r4, #104]	@ 0x68
1000135a:	66e3      	str	r3, [r4, #108]	@ 0x6c
1000135c:	6723      	str	r3, [r4, #112]	@ 0x70
1000135e:	6763      	str	r3, [r4, #116]	@ 0x74
10001360:	67a3      	str	r3, [r4, #120]	@ 0x78
10001362:	67e3      	str	r3, [r4, #124]	@ 0x7c
10001364:	6223      	str	r3, [r4, #32]
10001366:	61e3      	str	r3, [r4, #28]
10001368:	e7e4      	b.n	10001334 <__aeabi_float_init+0x1c>
1000136a:	46c0      	nop			@ (mov r8, r8)
1000136c:	00004653 	.word	0x00004653
10001370:	20000468 	.word	0x20000468
10001374:	0000334c 	.word	0x0000334c
10001378:	200005b0 	.word	0x200005b0
1000137c:	10001381 	.word	0x10001381

10001380 <float_table_shim_on_use_helper>:
10001380:	b507      	push	{r0, r1, r2, lr}
10001382:	4660      	mov	r0, ip
10001384:	8801      	ldrh	r1, [r0, #0]
10001386:	0a0a      	lsrs	r2, r1, #8
10001388:	3002      	adds	r0, #2
1000138a:	2adf      	cmp	r2, #223	@ 0xdf
1000138c:	d1fa      	bne.n	10001384 <float_table_shim_on_use_helper+0x4>
1000138e:	b2c9      	uxtb	r1, r1
10001390:	0882      	lsrs	r2, r0, #2
10001392:	d304      	bcc.n	1000139e <float_table_shim_on_use_helper+0x1e>
10001394:	8802      	ldrh	r2, [r0, #0]
10001396:	8840      	ldrh	r0, [r0, #2]
10001398:	0400      	lsls	r0, r0, #16
1000139a:	4310      	orrs	r0, r2
1000139c:	e000      	b.n	100013a0 <float_table_shim_on_use_helper+0x20>
1000139e:	6800      	ldr	r0, [r0, #0]
100013a0:	4a01      	ldr	r2, [pc, #4]	@ (100013a8 <float_table_shim_on_use_helper+0x28>)
100013a2:	5050      	str	r0, [r2, r1]
100013a4:	9003      	str	r0, [sp, #12]
100013a6:	bd07      	pop	{r0, r1, r2, pc}
100013a8:	20000468 	.word	0x20000468

100013ac <__aeabi_mem_init>:
100013ac:	4801      	ldr	r0, [pc, #4]	@ (100013b4 <__aeabi_mem_init+0x8>)
100013ae:	2104      	movs	r1, #4
100013b0:	4b01      	ldr	r3, [pc, #4]	@ (100013b8 <__aeabi_mem_init+0xc>)
100013b2:	4718      	bx	r3
100013b4:	200001d0 	.word	0x200001d0
100013b8:	10000f05 	.word	0x10000f05

100013bc <__wrap___aeabi_memcpy>:
100013bc:	4b01      	ldr	r3, [pc, #4]	@ (100013c4 <__wrap___aeabi_memcpy+0x8>)
100013be:	685b      	ldr	r3, [r3, #4]
100013c0:	4718      	bx	r3
100013c2:	0000      	.short	0x0000
100013c4:	200001d0 	.word	0x200001d0

100013c8 <_out_char>:
100013c8:	b510      	push	{r4, lr}
100013ca:	2800      	cmp	r0, #0
100013cc:	d100      	bne.n	100013d0 <_out_char+0x8>
100013ce:	bd10      	pop	{r4, pc}
100013d0:	f000 f902 	bl	100015d8 <__wrap_putchar>
100013d4:	e7fb      	b.n	100013ce <_out_char+0x6>
100013d6:	46c0      	nop			@ (mov r8, r8)

100013d8 <weak_raw_vprintf>:
100013d8:	b510      	push	{r4, lr}
100013da:	4a09      	ldr	r2, [pc, #36]	@ (10001400 <weak_raw_vprintf+0x28>)
100013dc:	0003      	movs	r3, r0
100013de:	6814      	ldr	r4, [r2, #0]
100013e0:	b084      	sub	sp, #16
100013e2:	2c00      	cmp	r4, #0
100013e4:	d008      	beq.n	100013f8 <weak_raw_vprintf+0x20>
100013e6:	2201      	movs	r2, #1
100013e8:	9100      	str	r1, [sp, #0]
100013ea:	4806      	ldr	r0, [pc, #24]	@ (10001404 <weak_raw_vprintf+0x2c>)
100013ec:	4252      	negs	r2, r2
100013ee:	a903      	add	r1, sp, #12
100013f0:	47a0      	blx	r4
100013f2:	2001      	movs	r0, #1
100013f4:	b004      	add	sp, #16
100013f6:	bd10      	pop	{r4, pc}
100013f8:	f000 f938 	bl	1000166c <__wrap_puts>
100013fc:	2000      	movs	r0, #0
100013fe:	e7f9      	b.n	100013f4 <weak_raw_vprintf+0x1c>
10001400:	2000059c 	.word	0x2000059c
10001404:	100013c9 	.word	0x100013c9

10001408 <_exit>:
10001408:	be00      	bkpt	0x0000
1000140a:	e7fd      	b.n	10001408 <_exit>

1000140c <_fini>:
1000140c:	4770      	bx	lr
1000140e:	46c0      	nop			@ (mov r8, r8)

10001410 <exit>:
10001410:	b510      	push	{r4, lr}
10001412:	f7ff fff9 	bl	10001408 <_exit>
10001416:	46c0      	nop			@ (mov r8, r8)

10001418 <runtime_init>:
10001418:	b570      	push	{r4, r5, r6, lr}
1000141a:	f7ff fdb1 	bl	10000f80 <runtime_run_initializers>
1000141e:	4d07      	ldr	r5, [pc, #28]	@ (1000143c <runtime_init+0x24>)
10001420:	4e07      	ldr	r6, [pc, #28]	@ (10001440 <runtime_init+0x28>)
10001422:	42b5      	cmp	r5, r6
10001424:	d209      	bcs.n	1000143a <runtime_init+0x22>
10001426:	2400      	movs	r4, #0
10001428:	3e01      	subs	r6, #1
1000142a:	1b76      	subs	r6, r6, r5
1000142c:	08b6      	lsrs	r6, r6, #2
1000142e:	3601      	adds	r6, #1
10001430:	cd08      	ldmia	r5!, {r3}
10001432:	3401      	adds	r4, #1
10001434:	4798      	blx	r3
10001436:	42b4      	cmp	r4, r6
10001438:	d1fa      	bne.n	10001430 <runtime_init+0x18>
1000143a:	bd70      	pop	{r4, r5, r6, pc}
1000143c:	10001774 	.word	0x10001774
10001440:	10001774 	.word	0x10001774

10001444 <stdio_out_chars_no_crlf>:
10001444:	0003      	movs	r3, r0
10001446:	b510      	push	{r4, lr}
10001448:	0008      	movs	r0, r1
1000144a:	0011      	movs	r1, r2
1000144c:	681b      	ldr	r3, [r3, #0]
1000144e:	4798      	blx	r3
10001450:	bd10      	pop	{r4, pc}
10001452:	46c0      	nop			@ (mov r8, r8)

10001454 <stdio_out_chars_crlf>:
10001454:	b5f8      	push	{r3, r4, r5, r6, r7, lr}
10001456:	7d43      	ldrb	r3, [r0, #21]
10001458:	0007      	movs	r7, r0
1000145a:	000d      	movs	r5, r1
1000145c:	0016      	movs	r6, r2
1000145e:	2b00      	cmp	r3, #0
10001460:	d038      	beq.n	100014d4 <stdio_out_chars_crlf+0x80>
10001462:	2a00      	cmp	r2, #0
10001464:	dd1a      	ble.n	1000149c <stdio_out_chars_crlf+0x48>
10001466:	780b      	ldrb	r3, [r1, #0]
10001468:	2b0a      	cmp	r3, #10
1000146a:	d018      	beq.n	1000149e <stdio_out_chars_crlf+0x4a>
1000146c:	2000      	movs	r0, #0
1000146e:	2e01      	cmp	r6, #1
10001470:	d009      	beq.n	10001486 <stdio_out_chars_crlf+0x32>
10001472:	2401      	movs	r4, #1
10001474:	0021      	movs	r1, r4
10001476:	5c6b      	ldrb	r3, [r5, r1]
10001478:	3401      	adds	r4, #1
1000147a:	2b0a      	cmp	r3, #10
1000147c:	d01a      	beq.n	100014b4 <stdio_out_chars_crlf+0x60>
1000147e:	42b4      	cmp	r4, r6
10001480:	d1f8      	bne.n	10001474 <stdio_out_chars_crlf+0x20>
10001482:	4286      	cmp	r6, r0
10001484:	dd03      	ble.n	1000148e <stdio_out_chars_crlf+0x3a>
10001486:	1a31      	subs	r1, r6, r0
10001488:	683b      	ldr	r3, [r7, #0]
1000148a:	1828      	adds	r0, r5, r0
1000148c:	4798      	blx	r3
1000148e:	19ad      	adds	r5, r5, r6
10001490:	3d01      	subs	r5, #1
10001492:	782b      	ldrb	r3, [r5, #0]
10001494:	3b0d      	subs	r3, #13
10001496:	425a      	negs	r2, r3
10001498:	4153      	adcs	r3, r2
1000149a:	753b      	strb	r3, [r7, #20]
1000149c:	bdf8      	pop	{r3, r4, r5, r6, r7, pc}
1000149e:	7d03      	ldrb	r3, [r0, #20]
100014a0:	2b00      	cmp	r3, #0
100014a2:	d1e3      	bne.n	1000146c <stdio_out_chars_crlf+0x18>
100014a4:	2102      	movs	r1, #2
100014a6:	480e      	ldr	r0, [pc, #56]	@ (100014e0 <stdio_out_chars_crlf+0x8c>)
100014a8:	683b      	ldr	r3, [r7, #0]
100014aa:	4798      	blx	r3
100014ac:	2e01      	cmp	r6, #1
100014ae:	d0ee      	beq.n	1000148e <stdio_out_chars_crlf+0x3a>
100014b0:	2001      	movs	r0, #1
100014b2:	e7de      	b.n	10001472 <stdio_out_chars_crlf+0x1e>
100014b4:	1e6b      	subs	r3, r5, #1
100014b6:	5c5b      	ldrb	r3, [r3, r1]
100014b8:	2b0d      	cmp	r3, #13
100014ba:	d0e0      	beq.n	1000147e <stdio_out_chars_crlf+0x2a>
100014bc:	4288      	cmp	r0, r1
100014be:	da03      	bge.n	100014c8 <stdio_out_chars_crlf+0x74>
100014c0:	1a09      	subs	r1, r1, r0
100014c2:	683b      	ldr	r3, [r7, #0]
100014c4:	1828      	adds	r0, r5, r0
100014c6:	4798      	blx	r3
100014c8:	4805      	ldr	r0, [pc, #20]	@ (100014e0 <stdio_out_chars_crlf+0x8c>)
100014ca:	2102      	movs	r1, #2
100014cc:	683b      	ldr	r3, [r7, #0]
100014ce:	4798      	blx	r3
100014d0:	0020      	movs	r0, r4
100014d2:	e7d4      	b.n	1000147e <stdio_out_chars_crlf+0x2a>
100014d4:	6803      	ldr	r3, [r0, #0]
100014d6:	0011      	movs	r1, r2
100014d8:	0028      	movs	r0, r5
100014da:	4798      	blx	r3
100014dc:	e7de      	b.n	1000149c <stdio_out_chars_crlf+0x48>
100014de:	46c0      	nop			@ (mov r8, r8)
100014e0:	10001844 	.word	0x10001844

100014e4 <stdio_put_string>:
100014e4:	b5f0      	push	{r4, r5, r6, r7, lr}
100014e6:	4646      	mov	r6, r8
100014e8:	46d6      	mov	lr, sl
100014ea:	464f      	mov	r7, r9
100014ec:	b5c0      	push	{r6, r7, lr}
100014ee:	b082      	sub	sp, #8
100014f0:	4690      	mov	r8, r2
100014f2:	001c      	movs	r4, r3
100014f4:	0006      	movs	r6, r0
100014f6:	000d      	movs	r5, r1
100014f8:	f7ff fb8e 	bl	10000c18 <time_us_64>
100014fc:	2300      	movs	r3, #0
100014fe:	4a2f      	ldr	r2, [pc, #188]	@ (100015bc <stdio_put_string+0xd8>)
10001500:	1812      	adds	r2, r2, r0
10001502:	414b      	adcs	r3, r1
10001504:	2b00      	cmp	r3, #0
10001506:	da02      	bge.n	1000150e <stdio_put_string+0x2a>
10001508:	2201      	movs	r2, #1
1000150a:	4b2d      	ldr	r3, [pc, #180]	@ (100015c0 <stdio_put_string+0xdc>)
1000150c:	4252      	negs	r2, r2
1000150e:	492d      	ldr	r1, [pc, #180]	@ (100015c4 <stdio_put_string+0xe0>)
10001510:	0008      	movs	r0, r1
10001512:	468a      	mov	sl, r1
10001514:	f000 f8f8 	bl	10001708 <__mutex_try_enter_block_until_veneer>
10001518:	4681      	mov	r9, r0
1000151a:	1c6b      	adds	r3, r5, #1
1000151c:	d103      	bne.n	10001526 <stdio_put_string+0x42>
1000151e:	0030      	movs	r0, r6
10001520:	f000 f8c2 	bl	100016a8 <strlen>
10001524:	0005      	movs	r5, r0
10001526:	2c00      	cmp	r4, #0
10001528:	d027      	beq.n	1000157a <stdio_put_string+0x96>
1000152a:	4f27      	ldr	r7, [pc, #156]	@ (100015c8 <stdio_put_string+0xe4>)
1000152c:	4b27      	ldr	r3, [pc, #156]	@ (100015cc <stdio_put_string+0xe8>)
1000152e:	681c      	ldr	r4, [r3, #0]
10001530:	2c00      	cmp	r4, #0
10001532:	d018      	beq.n	10001566 <stdio_put_string+0x82>
10001534:	4643      	mov	r3, r8
10001536:	2b00      	cmp	r3, #0
10001538:	d121      	bne.n	1000157e <stdio_put_string+0x9a>
1000153a:	4b25      	ldr	r3, [pc, #148]	@ (100015d0 <stdio_put_string+0xec>)
1000153c:	4698      	mov	r8, r3
1000153e:	e002      	b.n	10001546 <stdio_put_string+0x62>
10001540:	6924      	ldr	r4, [r4, #16]
10001542:	2c00      	cmp	r4, #0
10001544:	d00f      	beq.n	10001566 <stdio_put_string+0x82>
10001546:	6823      	ldr	r3, [r4, #0]
10001548:	2b00      	cmp	r3, #0
1000154a:	d0f9      	beq.n	10001540 <stdio_put_string+0x5c>
1000154c:	4643      	mov	r3, r8
1000154e:	681b      	ldr	r3, [r3, #0]
10001550:	2b00      	cmp	r3, #0
10001552:	d001      	beq.n	10001558 <stdio_put_string+0x74>
10001554:	429c      	cmp	r4, r3
10001556:	d1f3      	bne.n	10001540 <stdio_put_string+0x5c>
10001558:	0020      	movs	r0, r4
1000155a:	002a      	movs	r2, r5
1000155c:	0031      	movs	r1, r6
1000155e:	47b8      	blx	r7
10001560:	6924      	ldr	r4, [r4, #16]
10001562:	2c00      	cmp	r4, #0
10001564:	d1ef      	bne.n	10001546 <stdio_put_string+0x62>
10001566:	464b      	mov	r3, r9
10001568:	2b00      	cmp	r3, #0
1000156a:	d123      	bne.n	100015b4 <stdio_put_string+0xd0>
1000156c:	0028      	movs	r0, r5
1000156e:	b002      	add	sp, #8
10001570:	bce0      	pop	{r5, r6, r7}
10001572:	46ba      	mov	sl, r7
10001574:	46b1      	mov	r9, r6
10001576:	46a8      	mov	r8, r5
10001578:	bdf0      	pop	{r4, r5, r6, r7, pc}
1000157a:	4f16      	ldr	r7, [pc, #88]	@ (100015d4 <stdio_put_string+0xf0>)
1000157c:	e7d6      	b.n	1000152c <stdio_put_string+0x48>
1000157e:	4b14      	ldr	r3, [pc, #80]	@ (100015d0 <stdio_put_string+0xec>)
10001580:	4698      	mov	r8, r3
10001582:	e002      	b.n	1000158a <stdio_put_string+0xa6>
10001584:	6924      	ldr	r4, [r4, #16]
10001586:	2c00      	cmp	r4, #0
10001588:	d0ed      	beq.n	10001566 <stdio_put_string+0x82>
1000158a:	6823      	ldr	r3, [r4, #0]
1000158c:	2b00      	cmp	r3, #0
1000158e:	d0f9      	beq.n	10001584 <stdio_put_string+0xa0>
10001590:	4643      	mov	r3, r8
10001592:	681b      	ldr	r3, [r3, #0]
10001594:	2b00      	cmp	r3, #0
10001596:	d001      	beq.n	1000159c <stdio_put_string+0xb8>
10001598:	42a3      	cmp	r3, r4
1000159a:	d1f3      	bne.n	10001584 <stdio_put_string+0xa0>
1000159c:	002a      	movs	r2, r5
1000159e:	0031      	movs	r1, r6
100015a0:	0020      	movs	r0, r4
100015a2:	47b8      	blx	r7
100015a4:	466b      	mov	r3, sp
100015a6:	220a      	movs	r2, #10
100015a8:	0020      	movs	r0, r4
100015aa:	71da      	strb	r2, [r3, #7]
100015ac:	1dd9      	adds	r1, r3, #7
100015ae:	3a09      	subs	r2, #9
100015b0:	47b8      	blx	r7
100015b2:	e7e7      	b.n	10001584 <stdio_put_string+0xa0>
100015b4:	4650      	mov	r0, sl
100015b6:	f000 f8af 	bl	10001718 <__mutex_exit_veneer>
100015ba:	e7d7      	b.n	1000156c <stdio_put_string+0x88>
100015bc:	000f4240 	.word	0x000f4240
100015c0:	7fffffff 	.word	0x7fffffff
100015c4:	200001e0 	.word	0x200001e0
100015c8:	10001455 	.word	0x10001455
100015cc:	20000594 	.word	0x20000594
100015d0:	20000598 	.word	0x20000598
100015d4:	10001445 	.word	0x10001445

100015d8 <__wrap_putchar>:
100015d8:	b5f0      	push	{r4, r5, r6, r7, lr}
100015da:	46ce      	mov	lr, r9
100015dc:	4647      	mov	r7, r8
100015de:	b580      	push	{r7, lr}
100015e0:	b083      	sub	sp, #12
100015e2:	466b      	mov	r3, sp
100015e4:	0006      	movs	r6, r0
100015e6:	1ddd      	adds	r5, r3, #7
100015e8:	7028      	strb	r0, [r5, #0]
100015ea:	f7ff fb15 	bl	10000c18 <time_us_64>
100015ee:	2300      	movs	r3, #0
100015f0:	4a19      	ldr	r2, [pc, #100]	@ (10001658 <__wrap_putchar+0x80>)
100015f2:	1812      	adds	r2, r2, r0
100015f4:	414b      	adcs	r3, r1
100015f6:	2b00      	cmp	r3, #0
100015f8:	da02      	bge.n	10001600 <__wrap_putchar+0x28>
100015fa:	2201      	movs	r2, #1
100015fc:	4b17      	ldr	r3, [pc, #92]	@ (1000165c <__wrap_putchar+0x84>)
100015fe:	4252      	negs	r2, r2
10001600:	4917      	ldr	r1, [pc, #92]	@ (10001660 <__wrap_putchar+0x88>)
10001602:	0008      	movs	r0, r1
10001604:	4689      	mov	r9, r1
10001606:	f000 f87f 	bl	10001708 <__mutex_try_enter_block_until_veneer>
1000160a:	4b16      	ldr	r3, [pc, #88]	@ (10001664 <__wrap_putchar+0x8c>)
1000160c:	4680      	mov	r8, r0
1000160e:	681c      	ldr	r4, [r3, #0]
10001610:	2c00      	cmp	r4, #0
10001612:	d014      	beq.n	1000163e <__wrap_putchar+0x66>
10001614:	4f14      	ldr	r7, [pc, #80]	@ (10001668 <__wrap_putchar+0x90>)
10001616:	e002      	b.n	1000161e <__wrap_putchar+0x46>
10001618:	6924      	ldr	r4, [r4, #16]
1000161a:	2c00      	cmp	r4, #0
1000161c:	d00f      	beq.n	1000163e <__wrap_putchar+0x66>
1000161e:	6823      	ldr	r3, [r4, #0]
10001620:	2b00      	cmp	r3, #0
10001622:	d0f9      	beq.n	10001618 <__wrap_putchar+0x40>
10001624:	683b      	ldr	r3, [r7, #0]
10001626:	2b00      	cmp	r3, #0
10001628:	d001      	beq.n	1000162e <__wrap_putchar+0x56>
1000162a:	429c      	cmp	r4, r3
1000162c:	d1f4      	bne.n	10001618 <__wrap_putchar+0x40>
1000162e:	0020      	movs	r0, r4
10001630:	2201      	movs	r2, #1
10001632:	0029      	movs	r1, r5
10001634:	f7ff ff0e 	bl	10001454 <stdio_out_chars_crlf>
10001638:	6924      	ldr	r4, [r4, #16]
1000163a:	2c00      	cmp	r4, #0
1000163c:	d1ef      	bne.n	1000161e <__wrap_putchar+0x46>
1000163e:	4643      	mov	r3, r8
10001640:	2b00      	cmp	r3, #0
10001642:	d105      	bne.n	10001650 <__wrap_putchar+0x78>
10001644:	0030      	movs	r0, r6
10001646:	b003      	add	sp, #12
10001648:	bcc0      	pop	{r6, r7}
1000164a:	46b9      	mov	r9, r7
1000164c:	46b0      	mov	r8, r6
1000164e:	bdf0      	pop	{r4, r5, r6, r7, pc}
10001650:	4648      	mov	r0, r9
10001652:	f000 f861 	bl	10001718 <__mutex_exit_veneer>
10001656:	e7f5      	b.n	10001644 <__wrap_putchar+0x6c>
10001658:	000f4240 	.word	0x000f4240
1000165c:	7fffffff 	.word	0x7fffffff
10001660:	200001e0 	.word	0x200001e0
10001664:	20000594 	.word	0x20000594
10001668:	20000598 	.word	0x20000598

1000166c <__wrap_puts>:
1000166c:	b570      	push	{r4, r5, r6, lr}
1000166e:	0004      	movs	r4, r0
10001670:	f000 f81a 	bl	100016a8 <strlen>
10001674:	2301      	movs	r3, #1
10001676:	0001      	movs	r1, r0
10001678:	0005      	movs	r5, r0
1000167a:	2201      	movs	r2, #1
1000167c:	0020      	movs	r0, r4
1000167e:	f7ff ff31 	bl	100014e4 <stdio_put_string>
10001682:	4b08      	ldr	r3, [pc, #32]	@ (100016a4 <__wrap_puts+0x38>)
10001684:	681c      	ldr	r4, [r3, #0]
10001686:	2c00      	cmp	r4, #0
10001688:	d006      	beq.n	10001698 <__wrap_puts+0x2c>
1000168a:	6863      	ldr	r3, [r4, #4]
1000168c:	2b00      	cmp	r3, #0
1000168e:	d005      	beq.n	1000169c <__wrap_puts+0x30>
10001690:	4798      	blx	r3
10001692:	6924      	ldr	r4, [r4, #16]
10001694:	2c00      	cmp	r4, #0
10001696:	d1f8      	bne.n	1000168a <__wrap_puts+0x1e>
10001698:	0028      	movs	r0, r5
1000169a:	bd70      	pop	{r4, r5, r6, pc}
1000169c:	6924      	ldr	r4, [r4, #16]
1000169e:	2c00      	cmp	r4, #0
100016a0:	d1f3      	bne.n	1000168a <__wrap_puts+0x1e>
100016a2:	e7f9      	b.n	10001698 <__wrap_puts+0x2c>
100016a4:	20000594 	.word	0x20000594

100016a8 <strlen>:
100016a8:	0003      	movs	r3, r0
100016aa:	4684      	mov	ip, r0
100016ac:	079b      	lsls	r3, r3, #30
100016ae:	d00b      	beq.n	100016c8 <strlen+0x20>
100016b0:	0003      	movs	r3, r0
100016b2:	2103      	movs	r1, #3
100016b4:	e002      	b.n	100016bc <strlen+0x14>
100016b6:	3301      	adds	r3, #1
100016b8:	420b      	tst	r3, r1
100016ba:	d006      	beq.n	100016ca <strlen+0x22>
100016bc:	781a      	ldrb	r2, [r3, #0]
100016be:	2a00      	cmp	r2, #0
100016c0:	d1f9      	bne.n	100016b6 <strlen+0xe>
100016c2:	4662      	mov	r2, ip
100016c4:	1a98      	subs	r0, r3, r2
100016c6:	4770      	bx	lr
100016c8:	0003      	movs	r3, r0
100016ca:	6819      	ldr	r1, [r3, #0]
100016cc:	4a0c      	ldr	r2, [pc, #48]	@ (10001700 <strlen+0x58>)
100016ce:	480d      	ldr	r0, [pc, #52]	@ (10001704 <strlen+0x5c>)
100016d0:	188a      	adds	r2, r1, r2
100016d2:	438a      	bics	r2, r1
100016d4:	4202      	tst	r2, r0
100016d6:	d10f      	bne.n	100016f8 <strlen+0x50>
100016d8:	6859      	ldr	r1, [r3, #4]
100016da:	4a09      	ldr	r2, [pc, #36]	@ (10001700 <strlen+0x58>)
100016dc:	3304      	adds	r3, #4
100016de:	188a      	adds	r2, r1, r2
100016e0:	438a      	bics	r2, r1
100016e2:	4202      	tst	r2, r0
100016e4:	d108      	bne.n	100016f8 <strlen+0x50>
100016e6:	6859      	ldr	r1, [r3, #4]
100016e8:	4a05      	ldr	r2, [pc, #20]	@ (10001700 <strlen+0x58>)
100016ea:	3304      	adds	r3, #4
100016ec:	188a      	adds	r2, r1, r2
100016ee:	438a      	bics	r2, r1
100016f0:	4202      	tst	r2, r0
100016f2:	d0f1      	beq.n	100016d8 <strlen+0x30>
100016f4:	e000      	b.n	100016f8 <strlen+0x50>
100016f6:	3301      	adds	r3, #1
100016f8:	781a      	ldrb	r2, [r3, #0]
100016fa:	2a00      	cmp	r2, #0
100016fc:	d1fb      	bne.n	100016f6 <strlen+0x4e>
100016fe:	e7e0      	b.n	100016c2 <strlen+0x1a>
10001700:	fefefeff 	.word	0xfefefeff
10001704:	80808080 	.word	0x80808080

10001708 <__mutex_try_enter_block_until_veneer>:
10001708:	b401      	push	{r0}
1000170a:	4802      	ldr	r0, [pc, #8]	@ (10001714 <__mutex_try_enter_block_until_veneer+0xc>)
1000170c:	4684      	mov	ip, r0
1000170e:	bc01      	pop	{r0}
10001710:	4760      	bx	ip
10001712:	bf00      	nop
10001714:	200000c1 	.word	0x200000c1

10001718 <__mutex_exit_veneer>:
10001718:	b401      	push	{r0}
1000171a:	4802      	ldr	r0, [pc, #8]	@ (10001724 <__mutex_exit_veneer+0xc>)
1000171c:	4684      	mov	ip, r0
1000171e:	bc01      	pop	{r0}
10001720:	4760      	bx	ip
10001722:	bf00      	nop
10001724:	20000159 	.word	0x20000159

10001728 <____aeabi_idiv0_veneer>:
10001728:	b401      	push	{r0}
1000172a:	4802      	ldr	r0, [pc, #8]	@ (10001734 <____aeabi_idiv0_veneer+0xc>)
1000172c:	4684      	mov	ip, r0
1000172e:	bc01      	pop	{r0}
10001730:	4760      	bx	ip
10001732:	bf00      	nop
10001734:	20000181 	.word	0x20000181

10001738 <__pre_init_runtime_init_early_resets>:
10001738:	10000fa9                                ....

1000173c <__pre_init_runtime_init_usb_power_down>:
1000173c:	10000fd5 100011b9 100013ad 10001215     ................
1000174c:	10001319                                ....

10001750 <__pre_init_runtime_init_clocks>:
10001750:	100010e1                                ....

10001754 <__pre_init_runtime_init_post_clock_resets>:
10001754:	10000ff1                                ....

10001758 <__pre_init_runtime_init_rp2040_gpio_ie_disable>:
10001758:	10001011                                ....

1000175c <__pre_init_runtime_init_spin_locks_reset>:
1000175c:	10001025                                %...

10001760 <__pre_init_runtime_init_mutex>:
10001760:	10000491                                ....

10001764 <__pre_init_runtime_init_install_ram_vector_table>:
10001764:	1000102d                                -...

10001768 <__pre_init_runtime_init_default_alarm_pool>:
10001768:	10000811                                ....

1000176c <__pre_init_first_per_core_initializer>:
1000176c:	10000f71                                q...

10001770 <__pre_init_runtime_init_per_core_irq_priorities>:
10001770:	100003c1                                ....

Disassembly of section .data:

200000c0 <mutex_try_enter_block_until>:
200000c0:	b5f0      	push	{r4, r5, r6, r7, lr}
200000c2:	46c6      	mov	lr, r8
200000c4:	0016      	movs	r6, r2
200000c6:	b500      	push	{lr}
200000c8:	0004      	movs	r4, r0
200000ca:	001f      	movs	r7, r3
200000cc:	6802      	ldr	r2, [r0, #0]
200000ce:	f3ef 8110 	mrs	r1, PRIMASK
200000d2:	b672      	cpsid	i
200000d4:	6813      	ldr	r3, [r2, #0]
200000d6:	2b00      	cmp	r3, #0
200000d8:	d0fc      	beq.n	200000d4 <mutex_try_enter_block_until+0x14>
200000da:	f3bf 8f5f 	dmb	sy
200000de:	2304      	movs	r3, #4
200000e0:	56e3      	ldrsb	r3, [r4, r3]
200000e2:	6822      	ldr	r2, [r4, #0]
200000e4:	2b00      	cmp	r3, #0
200000e6:	db2b      	blt.n	20000140 <mutex_try_enter_block_until+0x80>
200000e8:	f3bf 8f5f 	dmb	sy
200000ec:	2000      	movs	r0, #0
200000ee:	6010      	str	r0, [r2, #0]
200000f0:	f381 8810 	msr	PRIMASK, r1
200000f4:	22d0      	movs	r2, #208	@ 0xd0
200000f6:	0612      	lsls	r2, r2, #24
200000f8:	7812      	ldrb	r2, [r2, #0]
200000fa:	2500      	movs	r5, #0
200000fc:	b252      	sxtb	r2, r2
200000fe:	4690      	mov	r8, r2
20000100:	429a      	cmp	r2, r3
20000102:	d10e      	bne.n	20000122 <mutex_try_enter_block_until+0x62>
20000104:	2000      	movs	r0, #0
20000106:	bc80      	pop	{r7}
20000108:	46b8      	mov	r8, r7
2000010a:	bdf0      	pop	{r4, r5, r6, r7, pc}
2000010c:	f3bf 8f5f 	dmb	sy
20000110:	6015      	str	r5, [r2, #0]
20000112:	f381 8810 	msr	PRIMASK, r1
20000116:	0030      	movs	r0, r6
20000118:	0039      	movs	r1, r7
2000011a:	f000 f835 	bl	20000188 <__best_effort_wfe_or_timeout_veneer>
2000011e:	2800      	cmp	r0, #0
20000120:	d1f0      	bne.n	20000104 <mutex_try_enter_block_until+0x44>
20000122:	6822      	ldr	r2, [r4, #0]
20000124:	f3ef 8110 	mrs	r1, PRIMASK
20000128:	b672      	cpsid	i
2000012a:	6813      	ldr	r3, [r2, #0]
2000012c:	2b00      	cmp	r3, #0
2000012e:	d0fc      	beq.n	2000012a <mutex_try_enter_block_until+0x6a>
20000130:	f3bf 8f5f 	dmb	sy
20000134:	7923      	ldrb	r3, [r4, #4]
20000136:	6822      	ldr	r2, [r4, #0]
20000138:	2b7f      	cmp	r3, #127	@ 0x7f
2000013a:	d9e7      	bls.n	2000010c <mutex_try_enter_block_until+0x4c>
2000013c:	4643      	mov	r3, r8
2000013e:	e002      	b.n	20000146 <mutex_try_enter_block_until+0x86>
20000140:	23d0      	movs	r3, #208	@ 0xd0
20000142:	061b      	lsls	r3, r3, #24
20000144:	681b      	ldr	r3, [r3, #0]
20000146:	7123      	strb	r3, [r4, #4]
20000148:	f3bf 8f5f 	dmb	sy
2000014c:	2300      	movs	r3, #0
2000014e:	6013      	str	r3, [r2, #0]
20000150:	f381 8810 	msr	PRIMASK, r1
20000154:	2001      	movs	r0, #1
20000156:	e7d6      	b.n	20000106 <mutex_try_enter_block_until+0x46>

20000158 <mutex_exit>:
20000158:	6802      	ldr	r2, [r0, #0]
2000015a:	f3ef 8110 	mrs	r1, PRIMASK
2000015e:	b672      	cpsid	i
20000160:	6813      	ldr	r3, [r2, #0]
20000162:	2b00      	cmp	r3, #0
20000164:	d0fc      	beq.n	20000160 <mutex_exit+0x8>
20000166:	f3bf 8f5f 	dmb	sy
2000016a:	23ff      	movs	r3, #255	@ 0xff
2000016c:	7103      	strb	r3, [r0, #4]
2000016e:	6803      	ldr	r3, [r0, #0]
20000170:	f3bf 8f5f 	dmb	sy
20000174:	2200      	movs	r2, #0
20000176:	601a      	str	r2, [r3, #0]
20000178:	f381 8810 	msr	PRIMASK, r1
2000017c:	bf40      	sev
2000017e:	4770      	bx	lr

20000180 <__aeabi_idiv0>:
20000180:	4770      	bx	lr
20000182:	46c0      	nop			@ (mov r8, r8)
20000184:	0000      	movs	r0, r0
	...

20000188 <__best_effort_wfe_or_timeout_veneer>:
20000188:	b401      	push	{r0}
2000018a:	4802      	ldr	r0, [pc, #8]	@ (20000194 <__best_effort_wfe_or_timeout_veneer+0xc>)
2000018c:	4684      	mov	ip, r0
2000018e:	bc01      	pop	{r0}
20000190:	4760      	bx	ip
20000192:	bf00      	nop
20000194:	10000ad5 	.word	0x10000ad5

20000198 <striped_spin_lock_num>:
20000198:	00000010                                ....

2000019c <default_alarm_pool>:
	...
200001b0:	200001e8 00000000 00000000 00000000     ... ............

200001c0 <aeabi_bits_funcs>:
200001c0:	00003350 	.word	0x00003350
200001c4:	0000334c 	.word	0x0000334c
200001c8:	00003354 	.word	0x00003354
200001cc:	00003352 	.word	0x00003352

200001d0 <aeabi_bits_funcs_end>:
200001d0:	0000534d 	.word	0x0000534d
200001d4:	0000434d 	.word	0x0000434d
200001d8:	00003453 	.word	0x00003453
200001dc:	00003443 	.word	0x00003443

200001e0 <print_mutex>:
	...
